PRAGMA foreign_keys=OFF;
BEGIN TRANSACTION;
CREATE TABLE meta (
	id	INTEGER PRIMARY KEY NOT NULL, 
	name	TEXT UNIQUE NOT NULL, 
	data	TEXT
);
INSERT INTO "meta" VALUES(1,'F-Spot Version','0.8.2');
INSERT INTO "meta" VALUES(2,'F-Spot Database Version','18');
INSERT INTO "meta" VALUES(3,'Hidden Tag Id','2');
CREATE TABLE tags (
	id		INTEGER PRIMARY KEY NOT NULL, 
	name		TEXT UNIQUE, 
	category_id	INTEGER, 
	is_category	BOOLEAN, 
	sort_priority	INTEGER, 
	icon		TEXT
);
INSERT INTO "tags" VALUES(1,'Favorites',0,1,-10,'stock_icon:emblem-favorite');
INSERT INTO "tags" VALUES(2,'Hidden',0,0,-9,'stock_icon:emblem-readonly');
INSERT INTO "tags" VALUES(3,'People',0,1,-8,'stock_icon:emblem-people');
INSERT INTO "tags" VALUES(4,'Places',0,1,-8,'stock_icon:emblem-places');
INSERT INTO "tags" VALUES(5,'Events',0,1,-7,'stock_icon:emblem-event');
INSERT INTO "tags" VALUES(6,'Imported Tags',0,1,0,'');
INSERT INTO "tags" VALUES(7,'oldies',6,1,0,'');
INSERT INTO "tags" VALUES(10,'rose',11,1,0,'R2RrUAAAGxgBAQABAAAAkAAAADAAAAAw39/f39/f39/f39/f3t7dr6+z2NXSubzAtbW1sLCyr7Cvu7i5yMbDv8PJtLKxrKytwLy5w8rNsLC2ure1paan3t/f39/f39/f39/f3t7e39/f09PT1dXV39/f3t7e39/fz8/P2NjY39/f09PTo6OjpKSkpKSk09PT3t7e3t7e39/f39/f39/f39/f3t7e3t7e39/f39/f39/f39/f1dLQrq+wzs/N0dTVysrLw8G+wsPEt7W0t7e50tLQr7CxxsbFtba4ysnHsLGzv769v8HD39/f39/f39/f39/f3t7e39/f09PT1dXV39/f3t7e39/fz8/P2NjY39/f29vb1NTU1dXV1dXV3Nzc3t7e3t7e39/f39/f39/f39/f3t7e3t7e39/f39/f39/f39/f3t7e39/f39/f39/f39/f3t7e39/f39/f39/f39/f3t7e3t7e39/f39/f39/f3t7e3t7e39/f39/f39/f39/f3t7e39/f09PT1dXV39/f3t7e39/fz8/P2NjY39/f3t7e3t7e39/f39/f39/f3t7e3t7e39/f39/f39/f39/f3t7e3t7e3t7e3t7e3t7e3t7e3t7e3t7e3t7e3t7e3t7e3t7e3t7e3t7e3t7e3t7e3t7e3t7e3t7e3t7e3t7e3t7e3t7e3t7e3t7e3t7e3t7e3t7e3t7e0tLSxcXFzMzMzMzMzMzMwcHB1NTU29vb29vb29vb29vb29vb29vb29vb29vb29vb29vb29vb29vb29vb2tra3t7e3t7e3t7e3t7e3t7e3t7e3t7e3t7e3t7e3t7e3t7e3t7e3t7e3t7e3t7e3t7e3t7e3t7e3t7e3t7e3t7e3t7e3t7e3t7e3t7e3t7e3t7e0tLSz8/P2NjY2NjY2NjYysrK0tLS2dnZ2dnZ2dnZ2dnZ2dnZ2dnZ2dnZ2dnZ2dnZ2dnZ2dnZ2dnZ2dnZ2dnZ39/f39/f39/f39/f3t7e39/f39/f39/f39/f3t7e39/f39/f39/f39/f3t7e39/f39/f39/f39/f3t7e3t7e39/f39/f39/f39/f3t7e39/f09PT1dXV39/f3t7e39/fz8/P2NjY39/f3t7e39/f39/f39/f39/f3t7e3t7e39/f39/f39/f39/f3t7e3t7e39/f39/f39/f39/f3t7e39/f39/f39/f39/f3t7e39/f39/f39/f39/f3t7e3t7e39/f39/f39/f3t7e3t7e39/f39/f39/f39/f3t7e39/f09PT1dXV39/f3t7e39/fz8/P2NjY39/f3t7e3t7e39/f39/f39/f3t7e2djY09PU39/f39/f39/f3t7e3t7e39/f39/f39/f39/f3t7e39/f39/f39/f39/f3t7e39/f39/f39/f39/f3t7e3t7e39/f39/f39/f3t7e3t7e39/f39/f39/f39/f3t7e39/f09PT1dXV3t3d1NTU3t7ez8/P2NjY39/f3t7e29vbubm519fX39/f3t7evbm3uLu7qqiptri7rq2stLW1ra+x39/f39/f39/f39/f3t7e39/f39/f39/f39/f3t7e39/f39/f39/f39/f3t7e3t7e39/f39/f39/f3t7e3t7e39/f39/f39/f39/f3t7e39/f0tLS1NTU29vaxMLC2tvdzs7O19fX39/f3t7e2dnZpqam09PT39/f3t7eysjGwsPDv76/xMTGt7W0wMPEu7u539/f39/f39/f39/f3t7e39/f39/f3t7e39/f39/f3t7e39/f39/f39/f39/f39/f39/f3t7e39/f39/f3t7e39/f39/f3t7e39/f39/f39/f0tLS1NTU2dfWxcTE2Nrczs7O19fX39/f29vbu7u7pKSkurq629vbyMbFxsfI09TU19fXxcbG1NTT09PU1tbW8fHx8fHx8fHx8fHx8fHx8fHx8fHx8fHx8fHx8fHx8fHx8fHx8fHx8fHx8fHx8fHx8fHx8fHx8fHx8fHx8fHx8fHx8fHx8fHx8fHx8fHx8fHx7Ozs7e3t8fHx8fHx8fHx6+vr7u7u8fHx7Ozs2tra2tra2tra6+vr3t3c4uPj2dnZ3N3c2NjZ29va2tva1tbX8PDx7Ozt7Ozt7Ozt7Ozt7Ozt7Ozt7Ozt7Ozt7Ozt7Ozt7Ozt7Ozt7Ozt7Ozt7Ozt7Ozt7Ozt7Ozt7Ozt7Ozt7Ozt7Ozt7Ozt7Ozt7Ozt7Ozt7Ozt7Ozt7Ozt7Ozt7Ozt7Ozt7Ozt7Ozt7Ozt7Ozt7Ozt7Ozt7Ozt7Ozt7Ozt7Ozt7Ozt7Ozt7Ozt7Ozt6+vs5ubn5OTl5OTl5OTl5OTl5OTl5OTl5OTl5OTl5OTl5OTl5OTl5OTl5OTl5OTl5OTl5OTl5OTl5OTl5OTl5OTl5OTl5OTl5OTl5OTl5OTl5OTl5OTl5OTl5OTl5OTl5OTl5OTl5OTl5OTl5OTl5OTl5OTl5OTl5OTl5OTl5OTl5OTl5OTl5OTl5OTl5OTl4+Pk5OXl4uPj4uLhnZqZoaSox8bEw8XIu7m5yszOt7a2wsLDv8HDt7e5q6inu7/CysrMp6aqv7y7vLq4oJ+kv8DEuLq9xcTEv8HEwb+90NPW4uPj4uPj4uPj4uPj4uPj4uPj4uPj4uPj4uPj4uPj4uPj4uPj4uPj4uPj4uPj4uPj4uPj4uPj4uPj1tfXvb6+2trb4+Pk4eHi4N/ckJOWvr6/kpSTko6Nl5eaiIF/iIuLgoGHpaandHNyh4iQlJWXkZKVk5KVhoJ/hIGEjo6SfoGGj42OjpCVlpWYlpOPqa614eHi4eHi4eHi4eHi4eHi4eHi4eHi4eHi4eHi4eHi4eHi4eHi4eHi4eHi4eHi4eHi4eHi4eHi4eHixcXGTUxNzs7Q4eLj3+Dh3+Dhx8XDvcDDx8XExMbIysrMxcLBg4B/qq61zs7Pubm6vr/AwcHDuru+x8fIu7u7wMDAvLy/yMjKury/ycjLycjKwcC/zM7S3+Dh3+Dh3+Dh3+Dh3+Dh3+Dh3+Dh3+Dh3+Dh3+Dh3+Dh3+Dh3+Dh3+Dh3+Dh3+Dh3+Dh3+Dh3+Dh2drbzs/Q29vc4ODi3t7g3t7g3t7g3t7g3t7g3t7g3t7g3t7g19fZ3d3g3t7g3t7g3t7g3t7g3t7g3t7g3t7g3t7g3t7g3t7g3t7g3t7g3t7g3t7g3t7g3t7g3t7g3t7g3t7g3t7g3t7g3t7g3t7g3t7g3t7g3t7g3t7g3t7g3t7g3t7g3t7g3t7g3t7g3t7g3t7g3t7g3d3f8/Pz7e7u7e3u7e3u7e3u7e3u7e3u7e3u7e3u7e3u7e3u7e3u7e3u7e3u7e3u7e3u7e3u7e3u7e3u7e3u7e3u7e3u7e3u7e3u7e3u7e3u7e3u7e3u7e3u7e3u7e3u7e3u7e3u7e3u7e3u7e3u7e3u7e3u7e3u7e3u7e3u7e3u7e3u7e3u7e3u7e3u7e3u7e3t/////////////////////////////////////////////////////////////////////////////////////////////////////////////////////////////////////////////////////////////////////////////////////////////////////////vr36+3v5+nn+/v6/f7++vv7////+vr6/v7++vv78fHw/Pz76enr/v7++/v7/Pz8/P39+vr6/////Pz8/Pz8+/v6/v39+/v7+/r68/Hx5OTn+PXy7e/z+/v7//798vLz+vr6/////Pz7/f39+vr6/f39+/v8+vn36eru////////////////////////////+/Prr7G0sbe0ubSvt7q6tLi9/Pz6uLKztLO0vL3As7G1+Pbzr6qsr62sq66zsbCtubi6trO04+ftxsHCwL27vby6t7a3ub7Csq+tvrzAr66zvLSvpKWsrrC1+PXxsq2sv7274ejvxMC9v7++paSltra8v7/Av766wsbQ/////////////////////////////Pbx2t3g0tXQvbu4vsHCv8DC+/v61tHUxcLEwsPHycfJ+fj2u7e4xMPEyMzQyMbE1NXW1dLU5+nvv7m6yMfIxMLBzs7PwMLEy8nGvr3AwL7CyMTCvr7Dy8/S/vv5x8LAwsDA6/D22tfUwsHAwMHD0dHW1dPVxMPA0NTb////////////////////////////////+vn5/P3+////////////////////////////////////////////////////////////////7Ovt////+fj5/////////////////////////////////////v7+////////////////////////////////////////////////////////////////9u/oq6aptri8zM3OycvP9vDrvLu+wsbIzc3MycnJv7/Azs7O19nawr+9ztHRvb/EzMrH1Nfb////2NXVysrLv7u+u7q71tbVxsnKxMPB09LRv8HF+/z8x8TGwb+9u7a4vr7CzM7Q3N3e////////////////////////////////////////////////////+vPssKuvy8nLq7C1ycvO8uniwb/AwMbIr7O2ycjJt7KvwcTGtLWzq6ilo6ywrK+0trWy0dLU8fT1xsHDvru8trOzr7CzvL28qa2uv7u3ra6tu7/D+/z7ysXHr6+uwLu8tra94NnTwMfN////////////////////////////////////////////////////////+Pf3/Pz8+vr6+fr6//79+/v7+/v8+vr6+vr69vb2+vr6+fn69/f35+TiwcXI+vr5+Pf28vT13dvd9/j4/Pv79/f3+vr59/f49/f3+/v79/j4/////Pz8+Pj3+/v7+Pj54+Dc7PD0/////////////////////////////////////////////////////////////////////////////////////////////////////////////////////////////////////////////////////////////////////////////////////////////////////////////////////////////////////////////////////////////////////////////////////////////////////////////////////////////////////////////////////////////////////////////////////////////////////////////////////////////////////////////f39/f39/f39/f39/f39/f39/f39/f39/f39/f39/f39/f39/f39/f39/f39/f39/f39/f39/f39/f39/f39/f39/f39/f39/f39/f39/f39/f39/f39/f39/f39/f39/f39/f39/f39/f39/f39/f39/f39/f39/f39/f39/f39/f39/f39/f39/f39/Pz8////////////////////////////////////////////////////////////////////////////////////////////////////////////////////////////////////////////////////////////////////////////////////////////////////////////////////////////////////////////////////////////////////////////////////////////////////////////////////////////////////////////////////////////////////////////////////////////////////////////////////////////////////////////////////////////////////////////////////////////////////////////////////////////////////////+/v89Pb39fb39fb39fb39fb39fb39fb39fb39fb39Pb2/P39////////////////////////////////////////////////////////////////////////////////////////////////////////////////////////////////////////////////9/j5+/v7+/v7+/v7+/v7+/v7+/v7+/v7+/v7+/v7+fr6+fr7////////////////////////////////////////////////////////////////////////////////////////////////////////////////////////////////////////////////9/j5+/v7+/v77unkmZmapamupaCir7G1+fr6+/v7+fn5+fr7////////////////////////////////////////////////////////////////////////////////////////////////////////////////////////////////////////////////9/j5+fn5+fn51czBrrnCjImKcGhmoqmw+Pn5+fn59/f3+fr6////////////////////////////////////////////////////////////////////////////////////////////////////////////////////////////////////////////////9vj59/f39/f39vX0vbq31dnd1dTW09LR8vP19/f39fX2+fn6////////////////////////////////////////////////////////////////////////////////////////////////////////////////////////////////////////////////9vj59vb29vb29vb29vb29vb29vb29vb29vb29vb29fX1+fn6/////////////////////////////////////////////////////////////////////////////////////////////////////////////////////////////////////////////////f398/T18/T18/T18/T18/T18/T18/T18/T18/T19PX2/v7+/////////////////////////////////////////////////////////////////////////////////////////////////////////////////////////////////////////////////////////////////////////////////////////////////////////////////////////////////////////////////////////////////////////////////////////////////////////////////////////////////////////////////////////////////////////////////////////////////////v7+////////////////////////////////////////////////////////////////////////////////////////////////////////////////////////////////////////////////////////////////////////////////////////////+ujo3t7e3t7e3t7e3t7e3t7e3t7e3t7e3t7e3t7e3t7e3t7e3t7e3t7e3t7e4eHh5OPj2tra1tXW2NjY1NTV397e2NjY1tbXzMvLzc3M1tbW0dDQ0tPT3N3d5OTk3Nzc3t7e3t7e3t7e3t7e3t7e3t7e3t7e3t7e3t7e3t7e3t7e3t7e3t7e3t7e3d3d5OTk3t3d2NfV2dnX2tnZ2trZ2NjW19bV19bV1tXU1dXU2NfX1tbW1dXV1dXV1NTU2dnZ3t7e39/f39/f39/f3Nzc3t7e39/f39/f2tra2tra3t7e29vb3d3e39/f39/f2dnZ2tra29vb29vb29vb2tra2tra29vb29vb29vb2tra2tra1tbW1dXV1dXV09PT3Nzc3NnapJeAr6aPtK2ht66brKOSqJ+MoJiIm5KFlo+DtbKo1tbW1dXV1dXV1dXV2dnZ3t7e39/f39/f0NDQ3Nzc3t7et8Cvnq+SobOTorSTs72ssL6lucWvzNLG39/f3t7e39/f39/f39/f39/f3t7e3t7e3t3cyqed1KCUqZeVxsXG1dXV1dXV1dXV1NTU1bG5zFdvp5yGqZ+OppqCqJyBqJ2Dp5qCopaAm5B8lYx7tK6h1dXV1dXV1dXV1dXV2dnZ3t7e3t7dztOvvMKZtrmq2drWgpZvc5FecY1ceZFnlpyRfpVrc49ekKSA29va3t7e39/f39/f39/f39/f3t7e3t7e18bBp3Jns29kbGRltLKz1dXV1dXV1dXV1NTU05ajyUZhraOOtauXsKaPppyFnpSAnpSBmY+Aendtd3dyrKuk1dXV1dXV1dXV1NTU2dnZ3t7e2tzRqrdjq7paoa9doq5xcIBaZ3lXan9aan9ab4BiboRdbYdZi5eDf5GDfpSCz9PQ39/f39/f39/f3t7e3t7ezZ+StnBjjXFvXVlas7Kz1NTU1dXV1dXV09PT1bG5zHiLtamUr6KFp5uBoZeAnZaElY58qp+MnKCfqrK5wcPB1dXV1NTU1NTU1NTU2dnZ3t7e2dvPqbVioK1XjppTeoVSZG9VZG9YY29ZZHFaaXZffYR2YGpWYW9eU2tZVXBbr7mw3t7e3t7e3t7e3t7e29vbp3txpXNsko6PXFlas7Gy1NTU1NTU1NTU09PT0a62x32Mqph7rZ5/rqCDpp2IkYx9lYt1qZ2FjpOWn6asu7qt1dXV1dXV1dXV1NTU2dnZ39/f19nNprJhmKNWhI9Qa3NMYGxTY29XYm9XYW5Wc3xrgod8YW1XX2pZYm1eVm9bpbGn3t7e3t7e3t7e3t7e1crHk313ysnJo6OjX15fs7Ky1NTU1dXV1dXV09PTx5WhtVVq');
INSERT INTO "tags" VALUES(11,'flowers',13,1,0,'R2RrUAAAGxgBAQABAAAAkAAAADAAAAAw3cuY386a4NCc4tKd5NOf5dWg5tai6Nij6dml6dqm6tqm6tqn69un69un6tqn6tqn6dqm6dmm6Nil59ek5tak5dWj49Si4tOh4NKg39Cg3s+f3c2e3Myd2cud18qc1cib1Mea0sWZ0cSYz8OXzcKWzMCWyr+VyL6Uxr2TxbuSw7qSwbiRv7eQvrWPvLSOubKM4M+a4tKc5NSe5tag6Nii6dqj6tul69ym7N2o7d6p7d+p7d+q7t+q7d+q7d+q7N+q7N6p7N2p69yo6tun6dqm6Nml5tek5daj49Wh4dOh4NKf3tCf3c+e3M6d2syc2Mub1smb1Mia08aZ0cWYz8SXzsKWzMGVysCUyL6Txr2TxLySw7qRwbmQv7ePvbaOu7OM5NOc5tae6Nig6tui7N2k7d6n7+Co7+Gq7+Kr8OOs8eSt8eSt8eSt8eSt8eSu8OOt7+Ks7+Gr7uCr7d+q7N6p6t2o6dun6Nml5tik5dai49Wh4dOg4NKf3tCe3c6d282c2cuc18qb1cma08eZ0sWY0MSXzsOWzcKVy8CUyL+Txr2SxbyRw7qQwbmPv7iOvbWM59ee6tmg7Nyj7t+m8OGo8eOq8uWs8+au9Oev9Oiw9eix9emx9emy9emy9Oix9Oew9Oew8+av8uWu8OOt7+Ks7eCq7N6p6t2n6dum59mk5tej5Nai49Wh4dOg4NGe3s+d3M6c2syc18ub1sma1MiZ0saY0cSXz8OWzcKVy8CUyb+Tx72SxbyRw7uQwbmPv7eN6tqg7d2j7+Cm8eOp8+as9Oiu9umx9+qy9+y0+O21+O22+e63+e63+e23+O229+y19+u09uqz9eix9Oew8uWu8OOt7+Gr7eCp696n6tym6Nqk59ij5dai5NWh4tOg4NKe39Cd3c6c2s2b2Mua1sqa1MiZ08aY0cSXz8OWzcKVy8GTyr+Sx76RxbyQw7qPwbiN7d6j8OGm8uSp9Oes9uqw+Oyz+e62+vC4+/G6/PK7/fO8/fO9/fO9/fO8/PK8/PG7+vC5+e64+O219uqz9eix8+av8eSs8OKq7uCo7N6n69yl6dqk59ij5dai5NWh4tSf4dKe4NCd3c+c2s2b2Mua1sqZ1cmY08eX0cWXz8OWzcKUy8CTyr+SyL6RxryQw7qO8OGl8uSp9Ois9+uw+e60+/C4/fO8/vW+//bB//fB//jC//nD//jC//fC//fB//bA/vS+/PK8+/C6+e629+uz9emw8+et8uSr8OKp7t+n7N2l69uk6dqj59ii5dah5NWg4tOf4dKe4NCd3c+c282a2cuZ18qZ1ciY08eX0cWWz8SVzcKUzMGTyr+SyL6QxbyO8uSn9eir9+uv+u+0/PK5/vW+//jD//vT//7k///x///4///5///1///u//3g//vP//jE//bB/fS9/PG5+e62+Oyy9emv8+as8uOq8OGo7t+m7N2k6tuj6dqi59ih5tag5NWf49Of4tKe4NCd3c+b282a2cuZ18qY1ciX08eW0cWV0MSUzsKTzMGSyr+Rx72P9Oep9+uu+u+y/fK4//e///za///2///////////////////////////////////+///w//zS//fB/vW+/PG5+u+0+Oyx9emt8+ar8eOo7+Cm7d6k69yj6tui6Nmh59ig5taf5NWf49Se4tKd4NCc3c+b282a2cyY18qX1ciW08eV0cWUz8STzsKTzMGSyb6Q9+mr+e6w/PK2//nI///y//////////////////////////////////////////////////////7m//nD//W9/PG4+e+09+uv9Ois8+Sp8eKn79+k7N2j69uh6dqg6Nig59ef5dae5NWe49Sd4tKd4NGc3c+a282Z2cuY18qX1ciV08aU0cWTz8SSzcKRy8CQ+Ous+/Cy//nM///6///////////////////////////////////////////////////////////////w//nF/vS8+/G2+O2x9uqt9Oaq8uOn7+Gl7d6j7Nyh6tqg6dmf6Nie59ee5dad5NWd49Sd4tKc39Cb3c+a282Z2cuX18qW1ciU08aT0cSSz8ORzcGQ+u2s/vjG///8///////////////////////////////////////////////////////////////////////u//e//fO4+u+y9+uu9eir8+Wo8OKl7t+i7Nyg69qf6dme6Nid59ed5tad5dWd5dSc49Oc4dKb39Ca3c6Z28yY2MuW1smV1ceU08aS0cSRzsKQ/PO2///2//////////////////////////////////////////////////////////////////////////////3e/vW6+/Cz+e2v9uir8+Wn8eGk7t6i7Nyg6tqe6dmd6Nic59ec5tac5tac5dWc5dSc49Ob4dKa39CZ3c6Y2syX2MqW1smU1MeT0sWR0MOQ//3g///////////////////////////////////////////////////////////////////////////////////8//nE/PK1+u6w9+mq9OWm8eGi7t6g7dye69qd6dic6Nec59eb59ac5tab5tab5dWb5NSb4tOa4NGZ3s+Y3M2X2suV2MqV1ciT1MaS0cSQ///+//////////////////////////////////////////////////////////////////////////////////////3i/vO1+u6v+Oqq9Oal8eKh79+e7dyd7Nqb6tia6dea6Nea59ab59ab5tab5tab5dWb5NSa4tKZ4NCX3s6W3M2V2cuU18mT1ceS0sWQ///////////////////////////////////////////////////////////////////////////////////////////6//a4++6u+Oqp9eak8eKg8N6d7dub69ma6tiZ6deY6NaZ6NaZ59aa5taa5tab5taa5NSZ49OY5NSY5daY3c6V2suT2cqS18iR1MaQ//////////////////////////////////////////////////////////////////////////////////////////////jE+u6t+Oqo9eaj8uGf796b7duZ69iX6deW6NaW6NaW6NaX6NWY6NeZ59aZ5dOW5dSX6tiW7uCb7d+S5taT3MyR2cqQ18iQ1caP/////////////////////////////////////////////////////////////////////////////////////////////vnK+u2q9+ml9OWg8uGc7t2Y7NqW6teU6NaT6NST6NWV6NaW6tiY7t+d7t+d5NGK2sWD5tGE5tSH4s9/6daI4c6D18SD1saM1caN//////////////////////////////////////////////////////////////////////////////////////////////nK+eum9uei9OOe8d+a7tuW69iT6NWR59SR5tOR59OR59SS7tyU8+Wc9OWW59OCz7Vtw6dbvKJbxaphu6FbuZ9Xxa9r3MuH1cWJ/////////////////////////////////////////////////////////////////////////////////////////////vfD+Omi9eWe8uGa792W7NmT6dWQ59KO5dGN5dGN48+M38qH5NGC2cJw2sBszbJkup1YzrZo2L5nq5FQrZRXu6BXwKhizrlu18N8/////////////////////////////////////////////////////////////////////////////////////////////fS09uWd8+KZ8N2V7dqR6daP59KM5NCL486K4s2J3ceDz7ZytZtVr5NLsJJKq41KrI1Ms5lSv6FXxqlkyrNovaFVlXtBtZpUzbdt///////////////////////////////////////////////////////////////////////////////////////////7+u6k8+GX8N6U7dmQ6taN59KK5M+I4syG4cuF38iE0bd0xKlkt5lRxatcvqFUv6Nat5pavJ9YwaNUsJRRp5BTxapfrZFRqI1LuaBe//////////////////////////////////////////////////////////////////////////////////////////7o9uWX8N2R7dmO6tWK59GH5M6E4cuC38mB3seA3seB1LpytJhTmHw9v6JPt5hMro9KsJNSvZ9WsZJFjnQ5nIVLoolIsJdRlHo+oIZH/////////////////////////////////////////////////////////////////////////////////////////ffD79uN7NeK6tSI5tCE48yB4Mh+3cZ828N728J7z7Rswadgr5NLqoxGr49KuJhNtpNHoYE7mnw3m34zmnw8o4tPrJFKvKBVr5NRtpZQ///////////////////////////////////////////////////////////////////////////////////////59uib6tOE59CC5c6A4cp+3sZ628N42cB11r1007lx0rZou59WuZtJooVCvJ1Px6tXflghVz4XNyYPMCAMVkMfoIhIuJ5RxqhVr5JLooZI/v3m/////////////////////////////////////////////////////////////////////////////////frT6tR/5Mt64cl538Z43MJ12L5y1btw07hvz7VsxqtkvaBUo4VBvJpOtZhMupxOjWwrUTERLh4OKB0OIhgLJxwMYk4mnoVBq41BnH8+qYpJ6dyM///9///////////////////////////////////////////////////////////////////////////18eGQ38Zy3MJx2sBw2L5u1Lps0bZqzrNozbFox6tkwqZfsZNKv6BPuJpMq49Hs5JBaEcZPiINJRgLIxkMJBoMJBkMUj8em4A6qIc7ooM/popHuJw/9vC5///////////////////////////////////////////////////////////////////////89u2q28Fr1bpn07hn0bZmz7RlzLBiyK1gxqpfxqphxKhgv6NYyKlYtphLxqhStJVIsY4/aEYYOB4LIxcJJhsMJRsMPC0UgmYwvJ5IvJpFlnw7jHM3lXcov6ZC+/fJ///////////////////////////////////////////////////////////////89/Cz2L1kzbBdyq5cyKxcx6tcxKlawqZYvqNXvaFXv6Naya1jza9f0Lhk1rhbx6lRuplIro87d1IeTzQZc1knKxoJIhcJMiMOmX41v51CooI5pYpEr5FLfmEdkXIjwqhB+fW4///7///////////////////////////////////////////////////59Oql0rZbxaZSwKNQvqFPvaBQvJ9PuZ1Ot5pOtZhNtZlPu55Vz7Rp171qu6BSx6lSvZ9MxKZNyK5Xr49JqIlDn30sUjYTHxMGJRcJZk4fzbBTr49CnoM/tZdMaEsVd1kYiWkeq48v6d6C//7g///+///////////////////////////////////+/PrY5tZ/xadNuptGtZZDspNAsJNBr5JBrZBAq49Aqo5Bqo5CrZBGtJhOwqZa2MNy3cVrxqhUxKRPrpBAp4tBuJ1MxqlTvpxLk3EtKBcIIRIGTDYTy69Uw6VRr49JoIZHUDYOYUQRa00UdFYXiGscvKY+7uSJ//zQ///z///////////////////8//7h7uSZx61MspM8q404p4k2pIY0oYQyoIMynYExnIAynYE0n4I2oYQ5pIg9qIxBtZlN59eB4cx32sRwwqJOiGwunoE7pIdAvJtKwKBPsJNIUzkUIREFMh0Jj3AwtJlMrpJIm4RDNiQJRiwKTjMMVTgOWz8Pak0Tf2AXo4Yjxa093Mld5dd15Nh83M1x0LpTvqE5rIsxn4Atm3wql3kqlXgpknUoj3ImjG8lim4kjHAnkHQrlHgul3sxmn40noI4pIc9uqBQ071n59N21b1kxKdUp4tCpotDrY9DtplJp41Gc1MhJBMHSDIVWEEcl4A+m4M+j3k5KBsHMB4HNCEHOCMIPSYJRi0KUjYNYUAPb00Rf1oViWcXiGwchmogiWofjGwgjW0gimwgiGoghmkfg2YefmIde14beVwael4cf2MfhWkjim0njXEpkXUtlXkwmX00nIA2qo9BzbhY071gzrRWwahTvp5NspNGnoI9nYQ+j3M1OCINUj0cZUwijnc5jXY0hG8vIxcGJhkGKhsGKhsGLh0GMiEHOSUJRSoKUTILXTwNaEUPa00Sa1AUblEWclQWdFcXdVcXc1UWcFMWbVAVak0VZ0sUZ0sUbFAWc1cael4df2Mgg2cjh2wmjHApkHQsk3culnowm380pow7pIg4rZNAp4g6nIE1lnw2lXw2lXs0YEYbUT0af2Yvh3AwgWoqd2IlIBYFIRcFJRgGJRgGKBkGKxwGLh4HMyEHPSUIRywJUTELVjYMVjoNVzwPWz4QXUAQX0EQXkAQWz4PWTwPVjoPVjoPWDwQX0MSaE0VblMYdFkbeV4dfmMgg2cjh2smi28ojXEqkHMrkXQsj3Qsj3UtjHIrjHEri3EsinEsiXArcVghPSkQfmcoemQlclwhaFMdHhUEHxUFIRYFIxcGJBgGJRkGKBoGKhwGLx4HOCIHPicIQyoKRCsKRC0KRi4LSS8MSTALSjAMSC8LRy4LRS0LRC0LRi8LTzYOWj8RY0gUak4Wb1QZdFkbeF0dfWIggWYihWgkh2klhWolg2klgWgkgGYjf2YjfmUjfWUjfGQjdl4gNSEMZ1Eda1UcYUsZWEIWHBQEHhUEHxUFIRYFIhcFIxcGJBgGJhkGKBoGLRwGMyAGNiMHNiQINiQINiQIOCUJOSYJOSYJOSYJOSYJOCUJOCUJOCUJPSkKSjINVjsQX0MSZEkUaU0WbVIYcVYad1obelwdeV0deF4ed10edlwddFsdc1occlkccVgcblccbFQbPykOSTUTWUIUTjkSRjMQHBQEHBQEHRUEHxUEIBUFIBYFIRcFIxgGJBkGJxkGKxsGLx4GLx8GLh8HLh8HLx8HMSAHMSEHMSEHMSEHMiEIMiEIMSEHMyIIPCgJRy8MUDYOVzwQXEESYUUTZ0gUaksWak4XalAYalAYalAYaVAYaE8YZ04XZUwXY0oWYEgVXEQURC4ONCMNRDAOOioMNicLHhMEHBQEHBQEHhQEHxUEHxUEIBYFIRYFIhgFIhgGJRkGKRoGKxwGKh0GKRwGKRwGKx0GLB0GLB0GLB0GLB0GLB4GLR4GLR4GMSEHOSYJQiwLSjENUTUOWDgPWjoQWTwRWT8SW0ESXUMTXUMTXUMUXEITWkETVz4SVDsRUDgQSTMOPioMKxsKMSMLKx8IKR0IIRMDHxMEHhQEHRQEHRQEHhUEHhUEHxYFIBYFIRcFIRgGJBgGJhkGJxoGJxoGJhoGJhoGJxsGKBwGKBwGKBsGKBsGKBsGKRsGKhwGLyAHNiQJPygKSCsLSy4MSTANSjINSzMOTTUOTzYPTzcPTzYPTTYPSzQOSTIORS8NPisMNyYKLyEIKRkJJhsKIRgGIBcGHhIEIRMEIRMDHxQEHhQEHhQEHhUEHhUEHhUEIBYFIBcFIBcFIRcFIxgGJBkGJBkGIxkGJBkGJRoGJhoGJhoGJhoGJhoGJhoGJxoGKhsGMR0GNiAHNyIIOCUJOScKOygKPSoLPisLPysLPysLPisLPSoLOykLOCYKMyQJLiAIKBwHIxkGJxgIJBgJGxMEGhIEGRIEGxMEHhMEIRMEIRMEIBQEHxQEHhUEHhUEHhUEHxYEHxYEHhYFHxcFIBcFIRcFIRgGIRgGIhkGIxkGJBkGJRkGJhkGKBkGKhgFKhgFKBgGKBoGKBwHKx4HLiAIMSIIMiMJMiMJMiMJMiMJMSIJMCEILSAIKh4HJhsHIhkGHhYFGxQFIhYGJRgKGRIEFxEEFxIEGBIEGRIEGxIEHxMEIRMEIRMEIRQEIBQEHxUEHxUEHxUEHxUEHxYEHhYEHxYEHxYFIBYFIRcFIxcFJRcGJxcFKBcFKBcFJRYFIhYFHxYFHhYFIBcGIhkGJBoGJhsHJxwHKBwHKBwHJxwHJhsHJBoHIhkGIBgGHRYFGxQEGRIEFxEEHRQFJRcJGBIFFRAEFhEEFxEEFxIEGBIEGRIEGxIEHRMEHxMEIRMEIRMEIRQEIRQEIhQEIhQEIRQEIRQEIRQEIhQEIxUEIxUFIxUFIxUFIRUFHxUEHRUEHBQEGxQEGxQEGxQEHBUEHRYFHRYFHhcFHhcFHhcFHhcFHRYFHBUFGxQEGhMEGRIEFxIEFxEEFhAEGRIFJBYIGRIGFA8DFRAEFREEFREEFhEEFxEEGBIEGRIEGhIEGxMEGxMEHRMEHhMEHhMEHxMEHxMEHxMEHhMEHRMEHRMEHBMEGxMEGxMEGhMEGhMEGhMEGhMEGRMEGRMEGBIEGBIEGRMEGRMEGhMEGhMEGRMEGRMEGBIEGBIEFxIEFxEEFhEEFhAEFRAEFRAEHxkNPjMnMSsgJyMZExADFBAEFBAEFBAEFREEFhEEFxEEFxEEGBIEGBIEGBIEGRIEGRIEGRIEGRIEGRIEGRIEGRIEGBIEGBMEGBMEGBIEGBIEGBIEGBIEGBIEGBIEFxIEFxIEFxEEFxEEFxEEFhEEFhEEFhEEFhEEFRAEFRAEFRAEFRAEFRAEFBAEFBADFA8DTktEZ2Ndb2xmbGtmEg8DEw8DEw8DEw8DExAEFBAEFRAEFhAEFhEEFxEEFxEEFxEEFxEEFxEEFxEEFxEEFxEEFxIEFhEEFhIEFxIEFxIEFxEEFxEEFxEEFxEEFxEEFhEEFhEEFhEEFREEFREEFREEFRAEFRAEFBADFBAEFA8DFBAEFBADFA8DFA8DFA8DEw8DQj82VExERT41Ozgw');
INSERT INTO "tags" VALUES(12,'macro',6,1,0,'');
INSERT INTO "tags" VALUES(13,'Objects',0,1,0,'R2RrUAAAGxQCAQABAAAAkAAAADAAAAAwWDwUBUEWBiUOBjIRBToUBVIbBU8bB0QYCFofBWEhB18hCUgZBm4qDEUaDD8VB1wgCHksCFolDE0dCG8pCGsoB2ImCFwlCII1CpM9C3ItDHMzDog8E5RFGntEJoRcR7Oci+ne093Kuq6AZo5VNaFPHZI/E4Q1D443C5A3CZo5B3UqCXcrBm8kBk4bB1wdBVIXBEUVBoMsBH0qBFsfCDYTBkYYBj4WCE8bB1UdBkgZCEwcCDMTCHQrCVAdC1geBmAgBj8YCEQdCkAYB1AeB10kB1YkCGMoCH4zCXoxCGYrC2ctDY5AD4lDF3dAIGZINYFkUKaDa6R4X4hcQn1IJ5FHGY0+EHoyC4s2CoKWOQd/eCsKfiwFSRkGRxcGURcEWxsGfS0FlDQEnDcDaCUHOxUITBoIRRgHUxsGShkHNBMIQhoJNhQJXiIJdSoJXCAGNBQIRBgHOBcHPxcHWSEHTh4JWiUKaSsJaCkJWyQJaCsLWSUKgDcNezkTcjkYVDckb0kujFc1fEwxbUIofT8ccDgWfDcPZCkLgjMIdCsIfy8Iei0JfywGMxIIQhQFRRMFWBwHtUgEtEcEsUYDq0MEjjUFhzEGfiwGVB0HMhEIHwwHMREIXCILbiUFdCwKQBcHMBMIShoIPBgHShoIPRgIRRoJbSsMTyAMSx4LRh0KZioMbS0IdjELfTYObTMTRykZbjoceT4iZjYgXTIZYjAVczUQby8NZSgKZCgKbioJjjgJbicGZiIGNxIHRRMFPxMFURsHmDoFq0QEtUoEu00FsEUDqT8DnzsEpD0EnjsEdSsFZSYIgzAJShoHZigKShkHKBAIPhcHSxsHUR4IPBgIVR4IhDMKaCYIUh8KTx8Kf1olDWUoClQlDXAvDkokEE0lEVwpE1UqGE8oF1AnEkslEGstDIEzCXcuClQgCGUlCHcsCmYjCDkTCEASBT0SBUYXCEwZCUkeCUccCFIfBlsjBnMtBoMzBYo1BaI+BKtCBKxCA6pBBa5EBLpRBq9NC4s3B30yB34xBmsnBnArCE8fCEgcB588CKY/BF0kCkweCU8gCUcdCksfDG8vDV0nDmIoDE4iEFsnEUshEDMbEDYcD1AiDGIlCVghCkEaCEgaCWMiCGEiCDwSBz0SBS8PBjQSCFIbBpA3CYg0Bo02B3YvCl4jB2kqCWQoCFskB1YiCF8kBnguBqdBBcdaCMRZC7xSB71SB7NIBZw8Bb9SCbxTCLBLB6xDBrhKBpA4CHwtB3EqBmgoCU0eCm4rCnMuDIc5EHMxEWwuEVkoEUwjDlclC2cnCUgbCTMVCjsYCTwXCFgfCjoYDEMUBC0PBysPByINCD4VBo0zCZc6CKRBB5k7DIIvB5M4Cp09CJg6CH+LNQljJQlaIgqqRwmJNQyoRgmcPgWTOgWNNwWAMAWDMgaLNwaMNwaRNQSZOgWVOAWMMQSKLwSJMAVmKAlqJgaDLwmPOQxwJwhvLAx/NQ+KPA+SPg6QOwxdJgs+GQk+GQo5FghKGAc5Ewg+EwUeDAceDQcZCwcbCwiNNQl/LgmPNQiDMAqHMAejQAihPgiONQmTOAd0KwlfIwuzSwqUOQ6INAeKNQeQNwabPAeePQaWNgedNgOVMgOSMwOJMAWBLAR9KwR0KAVtJQVcHwdMIAySPQ9lIwdhHwVcHgZxKAebQg5sKQlxLgp+NQyGOQ2TOwqDNAl9LQdhHgRlHQReHQRaHARhHwRkHwWJMgiONQmSNwiJMQeZOQaONQmROAiLNAmCMQhnJwthJAqtRwmZOwyLNgmDMwmCMgiINgiVOgmSNQiZNAOcNAOdNQSlOgObNAOVMgOPNQaPMwZ4KweQOQtzKAqGLASHKwN8KASaPw5/KwdpIgViIAVXHQZ0Lw1/hjYNbSoJeTEKjTsKljsInjsHjzIFgCsEeSYEiTQLiTQNmz4IfS8JiDEFiTIIizQHhzYLfzIJVSAJViAKjjYHjzUGjDgKfzIKgjMJhDQJnT8KjTIKnTgEljQElTQElDMDkTAEkzIEfy4GZCcJgDQLkDsMdCwKaycIhiwEnT0Knj8LgCYDeiQDdiIDeykGoEAObiAEWxgEZBwFaSEFlTwMgTIKgjMIlT0Jn0IJkjkKljkJn0AIaycKkDgLjDUGkjoHjDgIbCsJQhkJTx0Iey8IgzAGjjoKgjQKei8JgTMJn0AKjjMKozwFkzsQm1U3k1U7disNkS0EcCQGgywFiCwEgy4Gcy0KdDEMlD8Ork8RkTYJhCoEgScDeiUEnj8Mji8Gbx4DZhsDax0EeCgHpEILaB4DaR4EdyYFdykGrkYGqUMEpkEFcSkKqEQKqkcHmz8JfzIHYCYJSx8LUR8Kei8JeiwHhDULgTMJcy0KhDULn0ALizILhzMJUB4NgT8kf6h5ZX9DKWgjB3IjBpIsA5YvA5o0BHElBYArBngrB2wtDIE6D5E+D5c8C5s9C6E/C4UmA3cgAnogAnYhBKJCDnQkBmQbA2odA24dAmgbA79XDrRNCqpGCXovDIo2CZs7Bo43B4MzBm4rB2IoC1giCnwxCHgtCH8yDW4rCXAsCXwzDJM5CYQuCEMaCyoPCFwdB385G49LLnYwC4UwBpcyA5kxAnwqBXEmBpUzBJY1BXgoBVYbBW0kBWksCoY9D5FCEKJGDrBWHKdTIJlBEqRAC14XBV4XAmYZAmkbAow0CtheCKxMDaxOD4M8Eok3DaVGC5I9Co46CncuCGAlClUfCoMzCHouCIY3DGopCWwrC4A1DJo8B34tBzMUCD8WCEkYCG4sFIJKNJFFHoAyCKQ+BZ86BYAqBaY6BLBEBao9BJg1BYEwCJg/CptCDJ5FDJdFEbl1OfeeNPivNeymMspmEZ89CHslBHEcAnghBaREEN1WBLVMCJI6CEQYCIcyCH+dQAmLOAqKOAqCNAhhJQllJQmWOgaFMgd3LwtrKQlwLAp5MQqXOQZlJAchDQhFGAlJGQhxMhmJSjKZWT6XQBJ9MQh8LwecNwSyPQO0QASeOgaONQp7LglwLAptKQpqJwp3NBK0bDHxfgf/mAf/rBDdjx2nSg6yTw6fPgqkQQ2KMAnZWAbDVQihQQhFFweLNAeYPAmkQwiPOQmBMQlmJAhvJwihQAeONgeENw1sKwpuLAp2MAqMNQc1FQgKBgcwDwdJGQcqEQlhKROQUDecXEJ6NBdjIweTMgOZNAOYNgeTNgqDMgp2Kwh4LAZ2KgZvJwVrJwqDQBadRwryjAr+nw3okBaSOgmgQgmSQQ6gSA2gRAu+Ug6PNgmYOgZMHAd8LgiTOAmeQQ2JNAmGMQhhIgdnIwiLMwaGMwmANQx9MQt/MQiAMAg/GgwLBwcIBAYVCQcpEQgkEAkbDQlGIhaPUzycZlKBNRJ/LQegPQuTNQl9LQdgIQZxKQd0KgVxJwV/bSUFayYGgzsPzFcJ4XYO7ZcS4IIVw1UJoUMKijcKrkMFkjgGq0oOkjkKjzYJVR0IcioIlzkInkEMjzUGhTAHZSQGdSoGjTMGdywKZykKgTEJgi4GYyMIDwcHCQUHCQUGCgUGEwcHEAcGCwUHDAYHNB8YhVRDhEIolTcLnzsKfzAIZSMFVx0FbScFcSgGcygGcSkIaiwNYSkOpEAHnEQKnE0NzF8KtUcIvk8GokAHrT8Frj4DijUHkTkLjzYJXh8KYSUHjjQHkzoMlTkLhjAIZiMIhDAGhDAFMBMIGgwINhYHUR4HKxIICAYHCQUHCwUGEQYGFwcFFgcGIAgGGAcGFwcGNB4ZhkgvpEEOeSsHcSgHZiMGWx8FayUFcyoGcC8PbTkaPiUVNyITUSAJhzgIymULnzkIpzcFtEIEt0gFoD4Hqj8FdCkHjTcKjjYIYSEKQxsIfS0IkTcHlDoMiDAJbSQHeysHUB8ICgYHEAgIDQcGEQgHEQkICQYICgUGOhQGBicJBjcLBTgMBEANBSkKBicJBigNCGo6KYM3E2gjBm0mBmQjBmMiBWwnB4k2C1YkD28sDkgcChcNCX5EDst0DLpZCmIaBYsoBKA0A6A6BbNFBZc6B2YhBYgzB5Y7CF4gCj8aCnsrCZA0B51ADYwxB2chB3EpCSYRCQcFBwgFBzETCRkLCA8ICBEIBwoFBhEGBScJBSYJBjwMA0UPBioLCCAJBiAMCT8fFlsnE4JqJAV/ZyMGZyQFdjAKmEcTPxYJTRgIjSoELQ8IXykJoD8HgyUERBIFbh0EZBsGaBwFp0EKnzkEgC4GhC8IfiwHYB8GQhgHeioHeSkGljoLjDMIdi4LdiwJJg8JBwQHIA0IZigKOxkLFAkIEggICgUGCwUGHAcGGQcGKQkFOw0GNQwGCwUGGAoIOBYMSx0LayUFaiQFaiUGbCcGtmwe4IggZiEHQhMHgSQFLA4JLRUMfCkHaxwEMA0HWBcERRIEgTAI3Ikeoj8Jfy0Hgi8GdSgFYh4FRxgHbyUHYiAIZCQIdTMMmkgTTh4KJQ4HKxQLYSYLfTILMxULIAwIFgkIEgcHJQ0GFgYGHAcFFgYGGAcHGwgFCwUGIQwIKxAKVCAOayUGaiUGbSYGfzgP5Zkn9IwQgzwQOREIbB0EHQoIJQ8JVBkKUxUFMAwFVRcEJAsHulsL7YoSvmYTeSsHdikFdCgFaiMGSBkHXx4FShkJJQ0HHAoHTB8LVCAJVyMLnUwVnkUOf3kwCy4PCTMQBy4PCFcgCVkgCRAFBRAGBhEGBg8GBgcEBhcIBj8VC0wgElsnFG0nB3QpBnYqB6BZHvu5N+yEFKtTDzsSCFAVBRMIByYNCEgVCTwQBjAMBVEUBCwQCKpIB85iCeCQHkoZCFEbBmwmCEwbCGcjBmAdBjESCA8HBhcIBhoIBiYMBkAYCGUtC4c5DGMlCT0TBkQUBnApCXIvDRcKBwsFBRgHBikJBRkHBgYEBikPCGk3Jng7JGwuFG8oB3wtBnwwCceAMf/ET/qqLoQ6DS8OB0IRBhYIBiYNBz4RCCYLBi4NBk0TBTQUCbdLB+dvB/SlHwcEBhMIBjMTBycPCE0ZBUwWBRIHBg8GBhQIBh8KBiYNBiMLBisNCH8uCHsqBIosBY82B4M3DRMJBwoFBg4FBhkHBSYJBRAGBgYEBg8JCCwTDUYfEmErFnEsDH8wB4U8FeCSM/62Q/usMWIrCygLBkMRBSwNBTMTCDAPCBsJBy8NBjwPBjITB3+6Twr0fAbymiUZEA4LBQYRCAYfDAc+EgUiDAYNBgYRBwcXCQYaCQcdCgUiDAZYIAh7LAdpIgWDLge3UA1SIAgNBQYKBAYNBQYVBgUXBwYJBAYGBAYJBQZPFAU5EQgnEQlmJwmFNAiSSx3qmDP9rTvdhiZJHQcfCgU6DwQnCwVGGgsyDwgeCgY2DgUuCwUdDAipSAr6iQn6mCOWWiVhLAt5NQwxFQkXCAYXCQYbCgYpEQgtEggpDwclDQY4EwdxKAdmJAd+KwWzSAi9Ugw+FgoPBQcJBAYOBQYPBgYLBQUGBAUGBAYKBQZgHwxnHwVlJgZ4LgiHOQ1nMhV7QRe0Zh2aTxUuEQcbCQYoCwYlCgZIGw8qDQgeCQYxCwQfCQUVCgiHNwnvgw/4lCOvXhqyTAzIUwx+Mw4SCAYhEAhbMhWoWRy9WQ6vTQaWPwWBMQd2LAd4LAdqIQZ5JASOMwhAGQ4UBwYKBQYOBgYKBQYJBQYHBAYLBQYNBgZjHwp7Jgd/hjIIfzEJfDILQhUGQBQGqkQKl0kRLBAIHAoHHQoIJAsHSh0QIgsHGwgFLAoEEQYGFQoJWCIJg0ALlVEXczcRfC4Jpz4JgTQOkUwbwGYh228a12EJz1YEy1ACyU8CvEcEgi0GYyEGiSsErTsDuUICrD8Ehy0EaCIFZSAFYCEEVR4GNBMIGw0IFQoIJA4IQhkIiTMJgjAIhjMHdysGZCIGkTYIpk8VQxsMMxYMMBULMRcMOBkOKxIJLhAINQ0EHQgFIg0IWR0GqkULUCMPcSoJeSsFuEwI3WoO6HIP8HUL73EH7G0E52kE5GYE1lwFxEwEu0cFt0UGt0UHsT8Fp0AItVEPci4PWB0Hei4KiTUInkAJRRsJDggHEAoJNRgKXCMJpFwnqGQwlVUnbi4NeykFdScFhCsFUSIOIxAKJxULKBQMHQ8KIREKLBUKKRAHHQkGGwoGVxwGdCsHSxoJVB0FZCMEdSsFgzEEr0wIymAIz2QK0GYO1mwU3nUa43wjf+WAKuaEMOWHN85pHo0+ElsjCmgqClQgCUodCVsqDl8rD2wxDjUXCxIJBxoNCUogC3wyDc13MtuHPdaEOsJuLbxjJL9gIKlUHzUZDDQWClEjDD0aDSgRCSwUCjQYCzgYCjYSBzsVBiEMBxwJBi8LBSELBisOBigNBiILBicQBywTBzMXCDkcCz0gD0YmElItFGA2F2g2E3tAFoZCEo5EEZBEEZNGEpFFFIE+ElQnDkouGGA5GzccDi4QBkMYB3kzDJ1FENuBNOONP+OPQumdVueaUeCSStOLSp9gMWwxEmcpDIhFG3o+Fmw0EVwqDkkhC1IhDKNDCycRCCQIBTwMBCILBiYNBiMMBhMIBw4HBhIIBhAIBQ8HBg0HBg0GBgoGBgkFBgcFBggFBgkFBgsGBg4IBhQLBxwPCSgUCjQbDEIkDz8ZBkYZBVMdBGglBIY1BqJPFr90M8t+O9qQTfG1e+inas+AQOGfX+qwdrNzNLdtJfCqWuGPQt2CL9t+LBrUdSXScyOcUBoiDAdREQRkFgMdCgYiDAYjDAYMCAgHBAYEBAYFBAUNCAYMBwYHBQYXCgZTIgdNIQcvEgYnEAYaDAcKBgYHBQYGBQYGBAaCBgUGAQcEBoIHBQYVCAUGCwYGDAcHEAkIFg4KHhMMKhoROiUWSjAdWjYcaDgWfU0kjVcqm2EvoV4lq2EjtGUiu2chwWcejz8ONAsEgkkPAxgdCgckDQYnDgYOCQgFBAUEBAUTDAcgEgoWDAgGBQcjDwiQOAmMNAZ3KwVlJQVBGAYPBwcGBAYFBAYHBAYOBgYJBQYHBAUGBAWCBgQGBQkFBg0GBgwGBwsGBwgFBoIGBQZ/BwUHCAYHCggIDAkHDgkIEgwJFAwIGhAJIBMKIhQKRiENezEOQQ8ETBEDQxAEFAgHFwkGHwwGDQgHBQQFBgUFCwcGGA4JFw4IBwYHFwsHShoHNRQGIAsHIQwGFggGBgQGBwQGBwMGCAQGEgYGBwQFBgQGBQQFBQQGBgQGFAYGIgsGLA8FNxIFPBQFMhEFIAwHHQsGGQoGFwsHDgkIDAgICgcICwgHCggHDQoJDQoIQRsHkzYNXxoFXBwERRYGEwcGFQkHFwoHDgkIBQQGBQQFCgYGGg8KFw4JBwYHCQYHEQYGJw4GNBEGQRUFGQoGBgQFBwQGCAMGBwQGCAQGBQMFBAQGBQQGBgMGCAQFGAcGHAsGHgsGJg0FNBAFNBEFQhUFPRIFMg8GMhQIIxEJHQ0IFQkHDggHCwoIDAoIEAwKSB0HeCoMQRMFPxMFHgsGFQkHFAgGFQkGDwkHCQcGBgUFBgQGCQYHCAYGBwUHEAgHNhEFQBUFRxoFSRkFFQgGMgUDBgYDBQcEBgcDBgcDBQUDBQQEBQUDBgYEBhEFBRwHB1kdBWUhBF8hBUwbBUgYBU0ZBkEVBTYSBS8UByEQCBwMBxoLBhEJCA8MCQ4LCRENCkodBzkTCj0QBEQUBSANBhEJBxIIBxMJBw4JBwkGBwgFBwgFBgwJBwoHBwYFBw0JByEQCCwSBzkVBjQVBwwGBwUDBgYDBYIHBAYdBwQFBQMGBQMFBQMGCAQGHQcFFwYGZyQFeiwFhTEFgi8EbCYEZCIEYiEEYiMFQRoIIA8IGgsHGgsIEwoJEQ4KDgwJEw8LSh0HQhEFXRoEXBsEMhIGEQoHghMJBzoPCQcOCQgSCwcTCwcWDAgNCAcFBAYHBgYMCAcPCQcaDQgaDQcKBgcHBAYIBAUHBQYIBAYHBAUFAwYFAwUGBAYOBQUfBwUTBgY4FwdNHwdZIgZgIwZtJgRvJwRwJgR1KQRfIQYnEAcYCwcaCwgTCwgRDgkQDAkTDwtJHAdpIARoIgNgHgRWHQQUCwcQCAcRCAcPCggRCwgUCwclEgk4GwobDggGBAYHBQYJBwcJBgeCCAYHggkHCCAKBwcKCAcKBwcJBwYJBgcJBgYJBQYRBgUcBwYUBgYgEAkgEQkeEAgkEwkzFwc/GQZPGwZrJwRrJgQtEgcUCggeEgwXDQkTDgoSDQoVDwtLHAd3KQRyJwRzKQRwKAQRCwiCDwgGVQ8KCB4NBzcXCE4iCUAeCRgNBwcFBw4IBywVCjAXCSkUChULCBAKCAwJBxEKBxAKCAwHBwkGBwgGBwgHBwgHBgcFBwgFBgsHBxcNCh0SCyAUDCYYDScXDSYVCy0YCioUB0IWBicRCBUKCCMWDhoQChMPCxMOChYQC0QaB2IfBFocBFccBFweBA0IBw4HBg8IBg4KBxoOCCAOBx8NBiQOBxQKBwcGBwwHBhsLBxkKBxQIBhQLCBkPChMNCRMJBxgLBxkMBxMJBwoGBg8HBxAIBgoGBgkFBgsGBg4IBwsHBwoGBw0JCBEMCRYPCxoSCxYOCR8PBxkNCBILCBwSDBYOCoIUDws8FRALSBwHWx8EXR8EYyEEYCAECgYHDAcHDgcGDgkHEQgHEggGEwgGGAkGEQkHDAgIEAgHHgwIHQwIFAkICwcHCgcHDAgHDggGDwgGDAYGCAUGCQUGEAgHHAkGIwoFHQoGJxIHPR4KQSALQCAKOB4LKxkKHxIJGBAJFA0IEAoIDQkHDQkIDgkIEQsIFRALFQ8LFhELRxwHVx8FThsFRxkFShkECgYGDwgHDgcHDAgGDQcHDgcGgg0HBwoOCAcOBwcOCAYQCAcRCQcTCQgRCgcQCggUDAgdDwmCIBEJIhgOCBAKBwwIBxwMBzoXCFIkCWIuC1wtDVwwD2c5E2k7E2s9FVwxD140EVUwETUeDRYMCRgOCRUMCRALCBUQCxYPCxkRDEcbB3EoBWUjBF8iBVMdBQsGBhMJBwwHBwsIBwwIBwwHBoILBwcJDAYGCwcHCwcGDAcHCgYHCwcHCwgHDQkIDQkHggwIBx0QCggSCgcWDQkeEAk5IA1PLhJmOhZ3Rht6SBx7Sh98SR14SBx2RhtuPxZuQhljORUlFQ0LBwcZDgoVDQkPCggWEQwZEgwaEgxGGgaeNQObNQOgPwaTPQc=');
INSERT INTO "tags" VALUES(14,'Europe',4,1,0,'R2RrUAAAGxgBAQABAAAAkAAAADAAAAAwSyoNZzARfkAWt2gLs3gXXmNdOjUgTEAozYoNdFw0emlGq3IEkmcTemU0u5hWm2sXbWxaY11Em6WduZtvuJhjqHQlhmcmbVgmTTkUe3RaeXZkZmJManRuTllQNDMTl3USrIoUaVMUp2kHhVQLLSYHTkANanFbl6agtMW86vX21ODeaWtTd4R7U15JqLmziI92YTcLcT8Nm1gQm10LvoUSmIVRdWoQbl4QpXQVk2YaZVsqnXEHaFkol5R6jYhzgmBFaD0dVi0SYDscZSIRkWg0wG4bxokUiWsmgGAw5ZwmeWAvgn9wMCsTQjQVe3VgnnQSvI8JsowIyIUOSzgOICQHTVUzmKejlqage5KF4fHyvtDOXl9IYFc7eHZBqrm1gY2BkVwGSC8JdkcJlFUMfUkVvH8LglsJYk0HclcXm3cYrYsnOCYKU0EYi3FCdVMrf0IOiUUKcU8jfEw1bzEUrGALdFEQflASmWg1jIJuqnkneE4aT0czNy0QPy8HpWQUxYAKxocJtHsVqoxXeWQsbEsMkn9UYW5Tk6yb1+jn093S3uvpzdfQxsS1urmenKqXprOmWDcLKyEPPS0JbEgLhmEtXksjXkYOb1UJeF4rgXxjjHhCUDwXd14pknpQcWhPXT0WcUAObjsXcU05UUMbWUgKZFEOXlEJhX5jmIBxfVY1ezUPdlhDZVZBWDweZTwQcUsYaEkTc1MOalEibkYThGgOxLNqh3RYzdnS3t/Svsm8oK6d+P3+8/j2prSnpq2M3OfbfzgHNSELTTMIUEIReWw1jn0WcmcYeG01jXZGdG5Wd2lAb3VnT1I5eGtWZVlEVU4zXUUskVgLc1Q3UkAYTTkJPjUMQ0IXg4t6laafa0IsaSgOhHRiw9DNiW1UZy8VgW9CaV0vYjwRaTQUcU4McVIRrZsizcuU1N3JxKGB2NHBs8u/9/z89fz74u7t2ufj8Pf0TyEJUSwKUjUGMisMUU4qZlYrYVk7b2hVVyQSVysWWDQbUx0QWicYXCATXTsdUDsXMioMSTwfUj0ca1UyQzcMSkYeTkw4fYxz0NzcjmdLnVIWqXtQ1Khgn2AqjkYXblAVV1AjV0sYZlkKhW8OcmwLbnILw82p8vn47/b2usmzrb+04O/q3ujZno92x79wyLxxJBkJcjwJRjMLJyQHLi0JZEsQVkAJZls1TicRUysQVCQSXyMQajUVfkMLe1MUUz4RbFogZlMQcVYWYVc8TU4vbWlGZ2A/iH9dn5N13blLmGYfdj0f0I0V03oOt4c7c2I6fHlaVF8vhpECfG0PV00Jgn5N0uDa+////f//1uTf3+vpuMazwb2nhj8Ovpo4p55WSzEGRy4SWjQGWTEHQS0HcEYMmmYRYFMeWFIJe2cIaD4YdVMkpG8dqmQH0XgEonsIe28Gs4QGw4QIfFkSWE4QdEwVvnUQoXY8bzoaq3cOvJIwakApgFEynIJefnJNiXRBdm1JkIlhb2wfbkkWhk4XwmUn2tbA9fju7vTuxMivw8q4e3ZPb24w3KhNzb+FvtDHe0AFUzwL1qMEZT4IUjYFdj0Jj10PpYEIVEMJQTUJMCYNSTYLx3UF4owHXkEVgWEStZIFb2cIUEMQRzoQZF4NonsbonYXrnokmmwyekoUm4I8joNidkoriG1RiIhksa6ShnlIblYqppVjs5tmrHhIqmsxrYMvvrM2wsGbn3M7w72TratusJYTxZVE3sal4ercVCoHYTgFhVsVZUoYVD4Hb04HpX0HxpYIp3sJVEsKiGQNXUwjU0APgFwIeF0IoogEn38FVEMQhVsHhWMPcVENhXItbUUcbTQYeUgjYzoThV0aXUIcXC8SYTIbZ0UphXNSi35Xf2Y7uoAlq2UXjk0TkVcunE0TwbGFv8e1ZGMpzdCz5+/pqKlxxI5ZxLSgwM6wUzwIOikHTTkUdFMZZUIIgFwHm38WfmQRk20OakoKnVsJuKBQdF8dfGYFimQRZ1ISd1kGgWM0ZD4NZk0cbmE2YF0jMzQOY0gYelwuYy8WZTEYZTMVYjQXbU8cg1oQaTUZuH0yxa2GqWcszYUgsn9EqmErtHs9gEMd2NLCsKVwxbN/8PHn4+TVx7OVz9Gx1tm/SjkMaFoKvawKcVwgoXMPm2YCXkUKgGsNi2UQiWEOil4Lt4QHgGgKoYAHt48YZ1AH0bgLpYxIknwxaGAwcGg6jnwSYlwMkn0SaEkgXTwbYTAXkmMOvY0MpIQbkmoQd0cOj1EZezobr41RcjgRqW8KrWIZhFkueEAVuaKD24cP6MB3uXVF3cak+fTq+/ry3tjIcVcSdF4Xy64JVUchiWQOkGYGZVUDhW8IcFEMc0MTnXISu3cQpoQKtZYKtY8YjnQ3qX4dWEQVXkwVgWwoUkQPa1sKTkMNZUETi4Ffe25Ffl8RjV8MXz0PnnwPgkYVbzIQiVcdhV8Rs48er49ktJyErm8woI9tqXI5qYNgs2UezIAX3ahb/Pz68Ofb48eXomM/b0cMRjALdFMRSj4me2IkhGceXkwIUT0PNDETXU0UbVYMSDsOYlILfGELfV8Mn3MKpG8KtHoLiGkQdEoQhFUQs40JUTsOVzwVblIeQDYOQjYRfGMRaEYRjWoSlmkRpG4OvnsdsI1LzJwywaY85OGszc+pvcKi7tWU27hq7+jY5NXD18y7/f785ui9yKVquYxjWUERNioLSzgPMScNPjMTfmgeSzQOPC0NV0YWhWseUD0NXU4ORTUOTD4Lb1QIWjkRX0cQiGgLXTsNeDoPZzUUeUURYzMQb0YVhloNVjUQQzgSVkUUdkoXZksXhWsRe0YSpmsOiG0irKWAsqhziXwYiXcuopBF2d7JzqR/26E91dOP7vHT4eey19u5nJU1z8WzhHMHXUgJUjoWV1AZaVkoUUEfSjEUXjsOr3UVi3lFWkYPVD4SRC4LTDkNel0FdE8GYToJd1wQfGQJe0YPZ0cQckoRfkEVZjITd0ISoXQPZ0ANZj0OcU4fXUoacloQrIQ9iFsSp3UWmmgVXEYcc2cspoxli2cgtZMxp45YnYNNeU4aimkihHIexsWatadi19Oiq44Dr4QEf1gThnMuhm8wnH4el3oPSjgRd08NmXwchWsMclMIXUEIQjALTjkYW0cPSUINZzoOYUwdYTUUcD8YbEAQdkgVUzARk2gRo3kLoXcNu4YMkFcLbGgSuqAO1IUQvHUTum8UtHIPdkUgkm05ql4MsGMPoX45YlcmWU0odlsgjWMxazcec0ohxLFSaGAjjHEGbFcHZFEIl3MNsIUSn2YLjF0WgGAWRTYPk3cIf2MEmHYHUEMHSTYMgG4+eGEUjG4OWj8WaT4RaDwPakMRdk8UjV0Wdj4OqngJnmsMj0gPi1QTu4EVzIYa1qYMoVcPj04PfE4pg1IigEEUej4Xe0McqnxD0IsKzJYLfWAPpnAak3Uzn20VdUIUgFISUkkIeGAOc1UKTzoKTzsMWUIKi08KxI8GrHwLfloSSj8gV0MTNSEMSSkNYyoHhGMeXlAjs5VUqncluIUJgFgKcU4ImHALuZETgkcWl10XnmINdz8MbzsZg0EbplUUtG0VyYoNhUgPYjUZVCwVdkITVTMacUofsJ5Yjmwyp2EbtYUip4UfllkX2KEJ5qwLpGQXelUYgWULWTwMfFQRYlIHOi0KbEYWwH4FimAKcVMOT0UbSEMUPjAOUUMfYkkXVUAVl2sS1rIjh2kemnYTqYkNcE8Sp3IJ26YIkW0ydVERmlMPwGUKZkAScEUTiU8LrGsNclcaWUMQXkYYX0AQjG8kgVoYj1ITnHdCp4ZHhnVKlH9Pln82rXYOsngM2YEIyoQWlHYvUzcSUj8Ya08bh2QKXksITDMOf1EJkmYO3LICnHwPZmEyYE0PQTUVUEIYcEwXgTcNyYcJc1of28EOyZsKpn8OimEOi2QPdVskXkgUaEYPmlgMoXkNm2UNdlELn2oOq3ELWT0LflYbrn0QcVkPfGUKf2ARa0Ucybh6u44wyZQ4eGQvdWIhSEAQfF8Km2sVgksRTzgQYDwMb0AOkHsKu50GkGgOn4MLVjsOhFcLinEdXFEqdUcOYj0POC4Wd18TnW0OZUAThlsdrHEZnmEQnXgMo4ARTTkMj2IQpHQXfVwWmF8Tx3AJ5JIS0JISg2gjgXIUZlwKgUsXl1YdbFQaclsTrnQJ0KQO/uYL5ckUtqVKzLdL690MxbQLy60JspYqsZ1YTz4PYkENXjkLREQKhIAHinAMhGYOro0VaWAiUEogZVELVUMVf2IQl2gTyYcM1IgLhFYTh1EQyooIv4kNgVoQd1sZcEwPqksT2owNkG8an4Au0Jwnm3ATm2sOe1wXhnUkiHoZeFoadkscg2cWfVEQklUNzpEW36oLgkgalHUuv7Re6Lke28MuloxCmo9OwJsfRTIOSzEOSS8QRzkPNjYOkXIJWz4QcVQUWFEicmMdW0wUUDkYWT4XsmILqlkMtFoOsmYPelEMnGcPp3Mjs4kfspIpsoIs1JgT5cQQw6AamXkgsoMUg2AMlnQXu68ZpZZCkIMpbVkWbFsMaFcXi2cfcjwbkFMVgEUVaDQbc0opjIRKiXlGsYA8rX4tnolSsH4jMygPX0YWPS0MVkUQSzULVT8IblIMQycKhmENjE8HWDYZX1AYSDUUj1EPmkYWkEITm1URWEYLeEYWhEEVumQTr20RpXYQq3sO79MExpoKxJ0HypcWxooLpn0hspUU2agko4wNtZkPr5gLhm0Qj20ZvpMJfF4SgUYSZDAQoH41l3osaVs7bWdKf2cniXVCp3wXW0YIbVMWXEAMLyIKTTIKVzsOQCoLU0Mbb04aZ04hWkMOZlIHdmMKdVANcTEUcTMWczoSfkAVlGsOZk0QiWARwpEkjmQSmXoMtHwKjGIJbFcJWEINmGkNoGwZ258D3aEEooIHeWcFdm0PraELlYIPvosKu5AUon8VY1colHoZknIiW1IlSVEylYlEkn8tkXgtpXgKsX8Kd1EMVT0POysRTTsWTjUUVDkQaEEaVyQZWSsSeGYJh20LbzIWZy4XYzAWby8Tt14GwH4IjGkOe14Sxqkcc1YLblMSYEMQY0wMaU4JQCkKPTAVPzAUYEgXYkobZFwaXFYVXVAMh3oWookXuqQLqZAHyLEHnoomzqMLzaMGsJUScmk5a1wbdF8gb2czkGkVuo4Ni1cEZTAGSTgXQjYQxJshWj0NVjYOTyUQUiUSXzoTYEMSazEPeTYVdDwOYjUOilYPfFENY0cSg1gQvpkIvZ8Ia00RcF0KWkwPX1Qah28NUkYIUDwOSzART0EdXFEZXlUIe10Fcl8PbVYbcGETv6oI5tICxrwGjm4JypwGiGMSZUAXWDwPUToOcU8Qck4Ze0sMa0cLUzoLUEISfV4JvYgRg1UJbz8QaDgQVS0RZTUSgkoPdUkOTDwMhkUJslQEuYcfelQZoWQRXz4Vj2MLqoYIRDMLTk0JY1sFiXgDfncGZUUMX0UQXUMNVkkLR0EOOTEKLygOSEEUgmYbwZYSupwHoYsEiX0FpYgKj2oSVkAUXTIWdU0ie1cLeEoLdFIUWD0TOC8XXE0HoIcFYFAIW0UQaUUKVygSWiUUZjgQbUAQrF0NfU4UgF0VhE4Ki0AHsIAIhl8ZdkwMSDcUYUcRaVESaU0WW08ZXEsWVkEGSz8Fq2kIiVsRW0QUUEkQU1AOaV0NXUwRTzkMXkgPZlISil4KmHIJkWwLhm0KnXkSZlAVSDIVXDwgTigTXyIRdVYMOy0SLyYPpoIFuJwGkIMMloIOglQDoH8EpogKUDENZEgKfzsQnFMPUDYLUzgISDkKeGsIopAQXUsIsHMQvYEOcU4MaE8LjHEPVUwYWEkEn2cHtn4RhV8IbUwMemQLdV4OgmoPeWQMYUwOPDEPcWELVjoQjFUOfFIWYEwTZU8PVkIRUUkcTEIdSyoWWB4SazkNZysQWTgNTTQJmXYJd2QYcFgQiWEKa1UKk2IMlFEKy4gLrGkRYCkLbDgVgTwatXMUe1YPfWIOfVQUuWITtWURqWYSYUkKrokMd08WiWgSgFQNhV8Lj2QGhV4FelwQclISd18bhGcRpX8KdTgKRC8QNysQZEENXD4TTkYYdFwOT0AYRkIePkEVRjoQVCwWUDgOUzsIa04JNCcKRC8RXUooRjERNy0NPjAPZzwPrXUK+dsEgEsPVzMUWzEUmFAVy40TpnISg1sQbUkNZzwShlYYe1gUfkwTglIifEsSdkUfbk8cSzgMak0HkG8LlXAGdU0JWEcMZE4WV0oUTzwTa1oKdF0bsGcKck8ZdmYfdlsOTUAVNjQWOzITVjgQfE8KYEkPRjUIPiwKTCUOSyQSRDAWNi0SNicKTTYQVzUNXTMTlGQLeUgdb1cWajkTdjUWxIQNpn0Rb0oTYyoZeE8cXzoLf2EIdzkVcjEVlVgMb1sPeloQa1USeGERWkUUVT8PTTwLWT4JgWIMdD8ObkoQW0cQclgUq3wRhlwXhFoRdF4fb1MUUUgfW0APTUAYUTgUbkcHSS4TakISXC4OUyQSZjESRiUOTS0PZTEJSx8JbDAOaEMVfVYJj1kRbUoPZCwUbzAWZD4RVDoShDgTi1IVXToOf1kKrmATlz4Ui1wLdWQPTk4SNDYUjH0PYFMSdWIZTEYaeWUTo4sOqYwPklUMlFQUZkMRmHoMp4IMjGIMa1AKf2kIcFIOo2QGi00JgEUMfUkShVkdUzQSTCcQYjYTelIXWScURxwRWCEOTR4OSR0SVTERXS8Qg0ARajMSUykOWywPTzAQbUAbi2Aoe1EQcEkSVzMPZkgbV0glcU4MUD8RWVIRSTsTf2kMXjsLaUkWOToeOzgSPi8QOy8TRTESZT0PZkQLXTsMXUUTdFQIUTwLgWUGkmkFkVQHnFEIvHYHglULZDENRiMNbEsjPCIMNiEOTSANUiARVSQNViIJQB0LUDATSywUWSkTTykLQiMHTisFWDkKYTQVdEUShlsNiF8Rj18UaT0KRC4UTzERVz8Pb08bTTgPVzcIUi4KUjcUOTIVSTkRRzQNRjAKPDEVQC4YVTIOdEYJdVoHTS0IQSkIZFIPZz4KVigPfVIVXU0aUTQLRiMKMRgMRS8SUDINWTkOQxwJUiYKUTIJTywJTCEIbkISeU8VUygQMiQFNyUDRy0JXjwNOSwIYEoRbU8QpG4Mk2IWVDYMVkAYLiwQNC8QQTUQRDEUX0ESWDYPZEQSNTETRDcSWjsQRDMOSDEOWzgWWSkMaDISXTMUcjwSpWMFTj8XSjoLZUAMd1AQcE0PZ0UHVT4KVDsOWDkQdEwRbFIJbEsKbkgIWzULUC8IOyQKVjIJTTgSUDoNRzQOSjUJTzwTd14SYUwXdkwPXEESp3QGi1sKSjQPQTQWZVIgUDwNMC0JVUITOSoWUTIYXzESPjEVQDISZEcXg2AbYDcRVywRVTMNZS8LZDYUYC0UXkQVPTgVRUARW0MOf2QGs4QITiELSi8KynED3J4DbEkJfGMFclQKgzMJfzcOY0IIWS4MVyQPUCQOY1IQtZYLj3kFv5cOUDkPaUkMcEUIZ0gTelcNa0wOPzAQQjIQUjwQSDQRPjASTz8SPTAXSDAVRCoTPy0YSTIXbkoVSS8OUSsNUSwOaU4aYkgMZVQSSkEZVEobQ04mU0ITcVYUmnEQa1wUWzENPikIoGsDrokFe18OWzgIcUcJbjQMQRsPXj0IYzMRTSQSczoMblUYbFEKilMHbk0PTisJMCYTNCwSPDETWD0Pa0oJXkELUDMKUzURMyYVLigTQjYXVz4gTDYWPS8TNzAVSzEUiWgOimMKaEkKZDEWUz4bZUYNWEkZQjwVak0VX1ohX00XWUkUfGEWUlYiaToLYzYLVzgIpJkDhXcDdTsLbTkMUysOVy8IYkUZUywTYDIZm2ALn14VUh4SWiIOeEwMPC0MKCAJOzQQUTUQeFwUtYITelgPVEUYhm0JdFkQUTcQQTIOTTITUzUQY0EMSjINSDgVUUAQOTIPRjYNZD8ZeFUVeFMUcEwSQzMSVjkQuIYKT0UaOzQUVUobWFUePhsNTyYLaDsMrpgEalIEaDcLSR4LQBkPRSIKQx4MTyQKUCURVikSZD4OWDQUSSwPdVoWWEEIKCkKHSYIVVQJfGQVak4NjXIiSzkOZVQHd2IHRjISPjIURTIOaFMIaksMXjsOd1gRgWgUTUARpYMHcFIRglENg1MPgVQLdFUJoHoIdEYKWj8VTkYlUUkfX1AYGhkHHxsGPycHXlEGOjIGPx0MPBoMUCkLOSEJLRsLUCkLTiIKNiIQQzAWSTYWOCgMnYc3kncLHycOISsLV08KaUwVUzQHVj4IPzAQYlIMmn0KYD8XVDYcPy8RU0sJf2IHelgMfFsQf20MdWAMbEoKVkIWalEKbFMJfGYSVkANdE4TZD8PmmcMn3USTUMhTUMXFBcIFhgIOigLKywGKigJMyUMTC0KUTcKNSIKNh4IUy0KSycLNCUISDMKZUMKTDYNW08jRTYKKCYLPTYJoHcFsIQIgEsGiF0LOTITjIQIhnkJZFMTYk4WikoMYEAQaUYMST4HZk8Gfl4HcVgGV0YJooxOYFYVbl0Vh3UMXUoQWj8QVkIQZkUZf0sKdlESPTYcSTsIMCsHOikMJRoJIxsIRy8RQiYLOiUKNx0IaDIJZD4ORDAJRS4LQi0IRi8KUjYJQi8QOjEHNCYGbE0HelsIim0IlWUPkG8NV0QPemUKXUYPf1sNdU8UajIKPTITrpILlYQJPzwGbVEFUD0FPj4FdGohZVsdsZMekHguWUYSZlARZEsdbVAkdlwzdVoqXkwqYk4GWEYHc0gHbkMNJBwLQCsTPCwUOCsMNCsMPygMPioLNicHPykRQCMKRicKPR4KRB0JLiYIMykFemEIh2kIbDoHf1MLgl0Ja0sObkcKWTkVYj8TeUsVWTUOSjoQhmsLm3QKOC0HVDoHcEsGXUMHblkKmoUosIQrhGofk3Man4AcdE8ok4JXm5NenZBnhnhpOywIY0sEkVsHnVEOQjEXRzMYPzAUKSUMHyMMNCoKPzAKOC0HLCEOLB8QMiAMMxwLPx0LNB8IMSgIjYkGp6EEUT4NeU4Ib0cLTi0QRSkNPSUKUioJi1sFSjoSdmMOdVQKUTINPS0MQy0MXD0OYEERU0YOcWoRekIbgjIRYzETo2gNYDMTkXRAlXtCaFkzYVI1');
INSERT INTO "tags" VALUES(15,'screenshots',13,1,0,'R2RrUAAAGxgBAQABAAAAkAAAADAAAAAw39/f39/f39/f39/f3t7dr6+z2NXSubzAtbW1sLCyr7Cvu7i5yMbDv8PJtLKxrKytwLy5w8rNsLC2ure1paan3t/f39/f39/f39/f3t7e39/f09PT1dXV39/f3t7e39/fz8/P2NjY39/f09PTo6OjpKSkpKSk09PT3t7e3t7e39/f39/f39/f39/f3t7e3t7e39/f39/f39/f39/f1dLQrq+wzs/N0dTVysrLw8G+wsPEt7W0t7e50tLQr7CxxsbFtba4ysnHsLGzv769v8HD39/f39/f39/f39/f3t7e39/f09PT1dXV39/f3t7e39/fz8/P2NjY39/f29vb1NTU1dXV1dXV3Nzc3t7e3t7e39/f39/f39/f39/f3t7e3t7e39/f39/f39/f39/f3t7e39/f39/f39/f39/f3t7e39/f39/f39/f39/f3t7e3t7e39/f39/f39/f3t7e3t7e39/f39/f39/f39/f3t7e39/f09PT1dXV39/f3t7e39/fz8/P2NjY39/f3t7e3t7e39/f39/f39/f3t7e3t7e39/f39/f39/f39/f3t7e3t7e3t7e3t7e3t7e3t7e3t7e3t7e3t7e3t7e3t7e3t7e3t7e3t7e3t7e3t7e3t7e3t7e3t7e3t7e3t7e3t7e3t7e3t7e3t7e3t7e3t7e3t7e3t7e0tLSxcXFzMzMzMzMzMzMwcHB1NTU29vb29vb29vb29vb29vb29vb29vb29vb29vb29vb29vb29vb29vb2tra3t7e3t7e3t7e3t7e3t7e3t7e3t7e3t7e3t7e3t7e3t7e3t7e3t7e3t7e3t7e3t7e3t7e3t7e3t7e3t7e3t7e3t7e3t7e3t7e3t7e3t7e3t7e0tLSz8/P2NjY2NjY2NjYysrK0tLS2dnZ2dnZ2dnZ2dnZ2dnZ2dnZ2dnZ2dnZ2dnZ2dnZ2dnZ2dnZ2dnZ2dnZ39/f39/f39/f39/f3t7e39/f39/f39/f39/f3t7e39/f39/f39/f39/f3t7e39/f39/f39/f39/f3t7e3t7e39/f39/f39/f39/f3t7e39/f09PT1dXV39/f3t7e39/fz8/P2NjY39/f3t7e39/f39/f39/f39/f3t7e3t7e39/f39/f39/f39/f3t7e3t7e39/f39/f39/f39/f3t7e39/f39/f39/f39/f3t7e39/f39/f39/f39/f3t7e3t7e39/f39/f39/f3t7e3t7e39/f39/f39/f39/f3t7e39/f09PT1dXV39/f3t7e39/fz8/P2NjY39/f3t7e3t7e39/f39/f39/f3t7e2djY09PU39/f39/f39/f3t7e3t7e39/f39/f39/f39/f3t7e39/f39/f39/f39/f3t7e39/f39/f39/f39/f3t7e3t7e39/f39/f39/f3t7e3t7e39/f39/f39/f39/f3t7e39/f09PT1dXV3t3d1NTU3t7ez8/P2NjY39/f3t7e29vbubm519fX39/f3t7evbm3uLu7qqiptri7rq2stLW1ra+x39/f39/f39/f39/f3t7e39/f39/f39/f39/f3t7e39/f39/f39/f39/f3t7e3t7e39/f39/f39/f3t7e3t7e39/f39/f39/f39/f3t7e39/f0tLS1NTU29vaxMLC2tvdzs7O19fX39/f3t7e2dnZpqam09PT39/f3t7eysjGwsPDv76/xMTGt7W0wMPEu7u539/f39/f39/f39/f3t7e39/f39/f3t7e39/f39/f3t7e39/f39/f39/f39/f39/f39/f3t7e39/f39/f3t7e39/f39/f3t7e39/f39/f39/f0tLS1NTU2dfWxcTE2Nrczs7O19fX39/f29vbu7u7pKSkurq629vbyMbFxsfI09TU19fXxcbG1NTT09PU1tbW8fHx8fHx8fHx8fHx8fHx8fHx8fHx8fHx8fHx8fHx8fHx8fHx8fHx8fHx8fHx8fHx8fHx8fHx8fHx8fHx8fHx8fHx8fHx8fHx8fHx8fHx8fHx7Ozs7e3t8fHx8fHx8fHx6+vr7u7u8fHx7Ozs2tra2tra2tra6+vr3t3c4uPj2dnZ3N3c2NjZ29va2tva1tbX8PDx7Ozt7Ozt7Ozt7Ozt7Ozt7Ozt7Ozt7Ozt7Ozt7Ozt7Ozt7Ozt7Ozt7Ozt7Ozt7Ozt7Ozt7Ozt7Ozt7Ozt7Ozt7Ozt7Ozt7Ozt7Ozt7Ozt7Ozt7Ozt7Ozt7Ozt7Ozt7Ozt7Ozt7Ozt7Ozt7Ozt7Ozt7Ozt7Ozt7Ozt7Ozt7Ozt7Ozt7Ozt7Ozt7Ozt6+vs5ubn5OTl5OTl5OTl5OTl5OTl5OTl5OTl5OTl5OTl5OTl5OTl5OTl5OTl5OTl5OTl5OTl5OTl5OTl5OTl5OTl5OTl5OTl5OTl5OTl5OTl5OTl5OTl5OTl5OTl5OTl5OTl5OTl5OTl5OTl5OTl5OTl5OTl5OTl5OTl5OTl5OTl5OTl5OTl5OTl5OTl5OTl4+Pk5OXl4uPj4uLhnZqZoaSox8bEw8XIu7m5yszOt7a2wsLDv8HDt7e5q6inu7/CysrMp6aqv7y7vLq4oJ+kv8DEuLq9xcTEv8HEwb+90NPW4uPj4uPj4uPj4uPj4uPj4uPj4uPj4uPj4uPj4uPj4uPj4uPj4uPj4uPj4uPj4uPj4uPj4uPj4uPj1tfXvb6+2trb4+Pk4eHi4N/ckJOWvr6/kpSTko6Nl5eaiIF/iIuLgoGHpaandHNyh4iQlJWXkZKVk5KVhoJ/hIGEjo6SfoGGj42OjpCVlpWYlpOPqa614eHi4eHi4eHi4eHi4eHi4eHi4eHi4eHi4eHi4eHi4eHi4eHi4eHi4eHi4eHi4eHi4eHi4eHi4eHixcXGTUxNzs7Q4eLj3+Dh3+Dhx8XDvcDDx8XExMbIysrMxcLBg4B/qq61zs7Pubm6vr/AwcHDuru+x8fIu7u7wMDAvLy/yMjKury/ycjLycjKwcC/zM7S3+Dh3+Dh3+Dh3+Dh3+Dh3+Dh3+Dh3+Dh3+Dh3+Dh3+Dh3+Dh3+Dh3+Dh3+Dh3+Dh3+Dh3+Dh3+Dh2drbzs/Q29vc4ODi3t7g3t7g3t7g3t7g3t7g3t7g3t7g3t7g19fZ3d3g3t7g3t7g3t7g3t7g3t7g3t7g3t7g3t7g3t7g3t7g3t7g3t7g3t7g3t7g3t7g3t7g3t7g3t7g3t7g3t7g3t7g3t7g3t7g3t7g3t7g3t7g3t7g3t7g3t7g3t7g3t7g3t7g3t7g3t7g3t7g3t7g3d3f8/Pz7e7u7e3u7e3u7e3u7e3u7e3u7e3u7e3u7e3u7e3u7e3u7e3u7e3u7e3u7e3u7e3u7e3u7e3u7e3u7e3u7e3u7e3u7e3u7e3u7e3u7e3u7e3u7e3u7e3u7e3u7e3u7e3u7e3u7e3u7e3u7e3u7e3u7e3u7e3u7e3u7e3u7e3u7e3u7e3u7e3u7e3u7e3t/////////////////////////////////////////////////////////////////////////////////////////////////////////////////////////////////////////////////////////////////////////////////////////////////////////vr36+3v5+nn+/v6/f7++vv7////+vr6/v7++vv78fHw/Pz76enr/v7++/v7/Pz8/P39+vr6/////Pz8/Pz8+/v6/v39+/v7+/r68/Hx5OTn+PXy7e/z+/v7//798vLz+vr6/////Pz7/f39+vr6/f39+/v8+vn36eru////////////////////////////+/Prr7G0sbe0ubSvt7q6tLi9/Pz6uLKztLO0vL3As7G1+Pbzr6qsr62sq66zsbCtubi6trO04+ftxsHCwL27vby6t7a3ub7Csq+tvrzAr66zvLSvpKWsrrC1+PXxsq2sv7274ejvxMC9v7++paSltra8v7/Av766wsbQ/////////////////////////////Pbx2t3g0tXQvbu4vsHCv8DC+/v61tHUxcLEwsPHycfJ+fj2u7e4xMPEyMzQyMbE1NXW1dLU5+nvv7m6yMfIxMLBzs7PwMLEy8nGvr3AwL7CyMTCvr7Dy8/S/vv5x8LAwsDA6/D22tfUwsHAwMHD0dHW1dPVxMPA0NTb////////////////////////////////+vn5/P3+////////////////////////////////////////////////////////////////7Ovt////+fj5/////////////////////////////////////v7+////////////////////////////////////////////////////////////////9u/oq6aptri8zM3OycvP9vDrvLu+wsbIzc3MycnJv7/Azs7O19nawr+9ztHRvb/EzMrH1Nfb////2NXVysrLv7u+u7q71tbVxsnKxMPB09LRv8HF+/z8x8TGwb+9u7a4vr7CzM7Q3N3e////////////////////////////////////////////////////+vPssKuvy8nLq7C1ycvO8uniwb/AwMbIr7O2ycjJt7KvwcTGtLWzq6ilo6ywrK+0trWy0dLU8fT1xsHDvru8trOzr7CzvL28qa2uv7u3ra6tu7/D+/z7ysXHr6+uwLu8tra94NnTwMfN////////////////////////////////////////////////////////+Pf3/Pz8+vr6+fr6//79+/v7+/v8+vr6+vr69vb2+vr6+fn69/f35+TiwcXI+vr5+Pf28vT13dvd9/j4/Pv79/f3+vr59/f49/f3+/v79/j4/////Pz8+Pj3+/v7+Pj54+Dc7PD0/////////////////////////////////////////////////////////////////////////////////////////////////////////////////////////////////////////////////////////////////////////////////////////////////////////////////////////////////////////////////////////////////////////////////////////////////////////////////////////////////////////////////////////////////////////////////////////////////////////////////////////////////////////////f39/f39/f39/f39/f39/f39/f39/f39/f39/f39/f39/f39/f39/f39/f39/f39/f39/f39/f39/f39/f39/f39/f39/f39/f39/f39/f39/f39/f39/f39/f39/f39/f39/f39/f39/f39/f39/f39/f39/f39/f39/f39/f39/f39/f39/f39/f39/Pz8////////////////////////////////////////////////////////////////////////////////////////////////////////////////////////////////////////////////////////////////////////////////////////////////////////////////////////////////////////////////////////////////////////////////////////////////////////////////////////////////////////////////////////////////////////////////////////////////////////////////////////////////////////////////////////////////////////////////////////////////////////////////////////////////////////+/v89Pb39fb39fb39fb39fb39fb39fb39fb39fb39Pb2/P39////////////////////////////////////////////////////////////////////////////////////////////////////////////////////////////////////////////////9/j5+/v7+/v7+/v7+/v7+/v7+/v7+/v7+/v7+/v7+fr6+fr7////////////////////////////////////////////////////////////////////////////////////////////////////////////////////////////////////////////////9/j5+/v7+/v77unkmZmapamupaCir7G1+fr6+/v7+fn5+fr7////////////////////////////////////////////////////////////////////////////////////////////////////////////////////////////////////////////////9/j5+fn5+fn51czBrrnCjImKcGhmoqmw+Pn5+fn59/f3+fr6////////////////////////////////////////////////////////////////////////////////////////////////////////////////////////////////////////////////9vj59/f39/f39vX0vbq31dnd1dTW09LR8vP19/f39fX2+fn6////////////////////////////////////////////////////////////////////////////////////////////////////////////////////////////////////////////////9vj59vb29vb29vb29vb29vb29vb29vb29vb29vb29fX1+fn6/////////////////////////////////////////////////////////////////////////////////////////////////////////////////////////////////////////////////f398/T18/T18/T18/T18/T18/T18/T18/T18/T19PX2/v7+/////////////////////////////////////////////////////////////////////////////////////////////////////////////////////////////////////////////////////////////////////////////////////////////////////////////////////////////////////////////////////////////////////////////////////////////////////////////////////////////////////////////////////////////////////////////////////////////////////v7+////////////////////////////////////////////////////////////////////////////////////////////////////////////////////////////////////////////////////////////////////////////////////////////+ujo3t7e3t7e3t7e3t7e3t7e3t7e3t7e3t7e3t7e3t7e3t7e3t7e3t7e3t7e4eHh5OPj2tra1tXW2NjY1NTV397e2NjY1tbXzMvLzc3M1tbW0dDQ0tPT3N3d5OTk3Nzc3t7e3t7e3t7e3t7e3t7e3t7e3t7e3t7e3t7e3t7e3t7e3t7e3t7e3t7e3d3d5OTk3t3d2NfV2dnX2tnZ2trZ2NjW19bV19bV1tXU1dXU2NfX1tbW1dXV1dXV1NTU2dnZ3t7e39/f39/f39/f3Nzc3t7e39/f39/f2tra2tra3t7e29vb3d3e39/f39/f2dnZ2tra29vb29vb29vb2tra2tra29vb29vb29vb2tra2tra1tbW1dXV1dXV09PT3Nzc3NnapJeAr6aPtK2ht66brKOSqJ+MoJiIm5KFlo+DtbKo1tbW1dXV1dXV1dXV2dnZ3t7e39/f39/f0NDQ3Nzc3t7et8Cvnq+SobOTorSTs72ssL6lucWvzNLG39/f3t7e39/f39/f39/f39/f3t7e3t7e3t3cyqed1KCUqZeVxsXG1dXV1dXV1dXV1NTU1bG5zFdvp5yGqZ+OppqCqJyBqJ2Dp5qCopaAm5B8lYx7tK6h1dXV1dXV1dXV1dXV2dnZ3t7e3t7dztOvvMKZtrmq2drWgpZvc5FecY1ceZFnlpyRfpVrc49ekKSA29va3t7e39/f39/f39/f39/f3t7e3t7e18bBp3Jns29kbGRltLKz1dXV1dXV1dXV1NTU05ajyUZhraOOtauXsKaPppyFnpSAnpSBmY+Aendtd3dyrKuk1dXV1dXV1dXV1NTU2dnZ3t7e2tzRqrdjq7paoa9doq5xcIBaZ3lXan9aan9ab4BiboRdbYdZi5eDf5GDfpSCz9PQ39/f39/f39/f3t7e3t7ezZ+StnBjjXFvXVlas7Kz1NTU1dXV1dXV09PT1bG5zHiLtamUr6KFp5uBoZeAnZaElY58qp+MnKCfqrK5wcPB1dXV1NTU1NTU1NTU2dnZ3t7e2dvPqbVioK1XjppTeoVSZG9VZG9YY29ZZHFaaXZffYR2YGpWYW9eU2tZVXBbr7mw3t7e3t7e3t7e3t7e29vbp3txpXNsko6PXFlas7Gy1NTU1NTU1NTU09PT0a62x32Mqph7rZ5/rqCDpp2IkYx9lYt1qZ2FjpOWn6asu7qt1dXV1dXV1dXV1NTU2dnZ39/f19nNprJhmKNWhI9Qa3NMYGxTY29XYm9XYW5Wc3xrgod8YW1XX2pZYm1eVm9bpbGn3t7e3t7e3t7e3t7e1crHk313ysnJo6OjX15fs7Ky1NTU1dXV1dXV09PTx5WhtVVq');
CREATE TABLE rolls (
	id	INTEGER PRIMARY KEY NOT NULL, 
       time	INTEGER NOT NULL
);
INSERT INTO "rolls" VALUES(1,1461549513);
CREATE TABLE exports (
	id			INTEGER PRIMARY KEY NOT NULL, 
	image_id		INTEGER NOT NULL, 
	image_version_id	INTEGER NOT NULL, 
	export_type		TEXT NOT NULL, 
	export_token		TEXT NOT NULL
);
CREATE TABLE jobs (
	id		INTEGER PRIMARY KEY NOT NULL, 
	job_type	TEXT NOT NULL, 
	job_options	TEXT NOT NULL, 
	run_at		INTEGER, 
	job_priority	INTEGER NOT NULL
);
CREATE TABLE photos (
	id			INTEGER PRIMARY KEY AUTOINCREMENT NOT NULL, 
	time			INTEGER NOT NULL, 
	base_uri		STRING NOT NULL, 
	filename		STRING NOT NULL, 
	description		TEXT NOT NULL, 
	roll_id			INTEGER NOT NULL, 
	default_version_id	INTEGER NOT NULL, 
	rating			INTEGER NULL 
);
INSERT INTO "photos" VALUES(1,1406914913,'file:///home/mardy/Pictures/Photos/2014/08/01','DSC00448%20(1).jpg','Path in the forest',1,1,4);
INSERT INTO "photos" VALUES(3,1461083696,'file:///home/mardy/Pictures/Photos/2016/04/19','image20160419_193456352.jpg','                               ',1,1,0);
INSERT INTO "photos" VALUES(4,1406916955,'file:///home/mardy/Pictures/Photos/2014/08/01','DSC00461%20(1).jpg','',1,1,0);
INSERT INTO "photos" VALUES(7,1420187113,'file:///home/mardy/Pictures/Photos/2015/01/02','DSC02582.jpg','',1,1,0);
INSERT INTO "photos" VALUES(9,1440345545,'file:///home/mardy/Pictures/Photos/2015/08/23','DSC04967.jpg','',1,1,0);
INSERT INTO "photos" VALUES(11,1440345739,'file:///home/mardy/Pictures/Photos/2015/08/23','DSC04981.jpg','',1,1,0);
INSERT INTO "photos" VALUES(13,1444570095,'file:///home/mardy/Pictures/Photos/2015/10/11','DSC06903.jpg','',1,1,0);
INSERT INTO "photos" VALUES(16,1453897453,'file:///home/mardy/Pictures/Photos/2016/01/27','Screenshot%20from%202014-02-07%2018:22:26.png','',1,1,0);
INSERT INTO "photos" VALUES(17,1453897469,'file:///home/mardy/Pictures/Photos/2016/01/27','Screenshot%20from%202012-12-28%2014:14:48.png','',1,1,0);
INSERT INTO "photos" VALUES(18,1453897477,'file:///home/mardy/Pictures/Photos/2016/01/27','Screenshot%20from%202014-12-27%2021:30:34.png','',1,1,0);
CREATE TABLE photo_tags (
	photo_id	INTEGER, 
       tag_id		INTEGER, 
       UNIQUE (photo_id, tag_id)
);
INSERT INTO "photo_tags" VALUES(1,7);
INSERT INTO "photo_tags" VALUES(3,7);
INSERT INTO "photo_tags" VALUES(4,7);
INSERT INTO "photo_tags" VALUES(7,7);
INSERT INTO "photo_tags" VALUES(9,7);
INSERT INTO "photo_tags" VALUES(9,10);
INSERT INTO "photo_tags" VALUES(9,11);
INSERT INTO "photo_tags" VALUES(9,12);
INSERT INTO "photo_tags" VALUES(11,7);
INSERT INTO "photo_tags" VALUES(13,7);
INSERT INTO "photo_tags" VALUES(16,7);
INSERT INTO "photo_tags" VALUES(17,7);
INSERT INTO "photo_tags" VALUES(18,7);
INSERT INTO "photo_tags" VALUES(16,10);
INSERT INTO "photo_tags" VALUES(13,14);
INSERT INTO "photo_tags" VALUES(11,14);
INSERT INTO "photo_tags" VALUES(9,14);
INSERT INTO "photo_tags" VALUES(7,14);
INSERT INTO "photo_tags" VALUES(4,14);
INSERT INTO "photo_tags" VALUES(1,14);
INSERT INTO "photo_tags" VALUES(18,15);
INSERT INTO "photo_tags" VALUES(16,15);
INSERT INTO "photo_tags" VALUES(18,10);
CREATE TABLE photo_versions (
	photo_id	INTEGER, 
	version_id	INTEGER, 
	name		STRING, 
	base_uri		STRING NOT NULL, 
	filename		STRING NOT NULL, 
	import_md5		TEXT NULL, 
	protected	BOOLEAN, 
	UNIQUE (photo_id, version_id)
);
INSERT INTO "photo_versions" VALUES(1,1,'Original','file:///home/mardy/Pictures/Photos/2014/08/01','DSC00448%20(1).jpg','af8dbb89b9e3d4a49cc45c6721891c44',1);
INSERT INTO "photo_versions" VALUES(3,1,'Original','file:///home/mardy/Pictures/Photos/2016/04/19','image20160419_193456352.jpg','8dabf7942f437e3b2fe3589bca358006',1);
INSERT INTO "photo_versions" VALUES(4,1,'Original','file:///home/mardy/Pictures/Photos/2014/08/01','DSC00461%20(1).jpg','673dce20d8b0178b1bbecc259f17971e',1);
INSERT INTO "photo_versions" VALUES(7,1,'Original','file:///home/mardy/Pictures/Photos/2015/01/02','DSC02582.jpg','231714538cf3a209d7bd84c1d9a908d0',1);
INSERT INTO "photo_versions" VALUES(9,1,'Original','file:///home/mardy/Pictures/Photos/2015/08/23','DSC04967.jpg','be28f68eca781200c6fc67dd779e83db',1);
INSERT INTO "photo_versions" VALUES(11,1,'Original','file:///home/mardy/Pictures/Photos/2015/08/23','DSC04981.jpg','ba6738d57fd819a4e31e2e1a4a682610',1);
INSERT INTO "photo_versions" VALUES(13,1,'Original','file:///home/mardy/Pictures/Photos/2015/10/11','DSC06903.jpg','6ccbfc7907a956af92e1038c875427ca',1);
INSERT INTO "photo_versions" VALUES(16,1,'Original','file:///home/mardy/Pictures/Photos/2016/01/27','Screenshot%20from%202014-02-07%2018:22:26.png','06997e0ad577a5d9a8a9f57ea591e19b',1);
INSERT INTO "photo_versions" VALUES(17,1,'Original','file:///home/mardy/Pictures/Photos/2016/01/27','Screenshot%20from%202012-12-28%2014:14:48.png','6ffbaabc7a4ff04a7ebb93ed2b265a25',1);
INSERT INTO "photo_versions" VALUES(18,1,'Original','file:///home/mardy/Pictures/Photos/2016/01/27','Screenshot%20from%202014-12-27%2021:30:34.png','c739d6129eea2491bec3ad755be5769f',1);
INSERT INTO "photo_versions" VALUES(1,2,'Modified','file:///home/mardy/Pictures/Photos/2014/08/01','DSC00448 (1) (Modified).jpg','cdb99b996db0727114eb37a03d051b52',0);
INSERT INTO "photo_versions" VALUES(1,3,'Modified (2)','file:///home/mardy/Pictures/Photos/2014/08/01','DSC00448 (1) (Modified%20(2)).jpg','c8a907115996731093f960b05d3b5671',0);
DELETE FROM sqlite_sequence;
INSERT INTO "sqlite_sequence" VALUES('photos',18);
CREATE INDEX idx_photo_versions_id ON photo_versions(photo_id);
CREATE INDEX idx_photo_versions_import_md5 ON photo_versions(import_md5);
CREATE INDEX idx_photos_roll_id ON photos(roll_id);
COMMIT;
