PRAGMA foreign_keys=OFF;
BEGIN TRANSACTION;
CREATE TABLE meta ( id INTEGER PRIMARY KEY NOT NULL, name TEXT UNIQUE NOT NULL, data TEXT);
INSERT INTO "meta" VALUES(1,'DB version','1');
INSERT INTO "meta" VALUES(2,'default_tag_Uncategorized','Uncategorized');
INSERT INTO "meta" VALUES(3,'default_tag_People','People');
INSERT INTO "meta" VALUES(4,'default_tag_Places','Places');
INSERT INTO "meta" VALUES(5,'default_tag_Events','Events');
INSERT INTO "meta" VALUES(6,'default_tag_Imported tags','Imported tags');
CREATE TABLE photos ( id INTEGER PRIMARY KEY AUTOINCREMENT NOT NULL, time INTEGER NOT NULL, base_uri STRING NOT NULL, filename STRING NOT NULL, description TEXT NOT NULL, roll_id INTEGER NOT NULL, default_version_id INTEGER NOT NULL, rating INTEGER NULL, latitude REAL, longitude REAL);
INSERT INTO "photos" VALUES(1,1431162195,'file:///home/phablet/.local/share/it.mardy.imaginario-dev/Photos','image20150509_120315209.jpg','Lots of lamps for sale',1,0,-1,NULL,NULL);
INSERT INTO "photos" VALUES(2,1431162211,'file:///home/phablet/.local/share/it.mardy.imaginario-dev/Photos','image20150509_120330452.jpg','',1,0,-1,NULL,NULL);
INSERT INTO "photos" VALUES(3,1431162204,'file:///home/phablet/.local/share/it.mardy.imaginario-dev/Photos','image20150509_120323595.jpg','',1,0,-1,NULL,NULL);
INSERT INTO "photos" VALUES(4,1431606550,'file:///home/phablet/.local/share/it.mardy.imaginario-dev/Photos','screenshot20150827_190806355.png','',2,0,-1,NULL,NULL);
INSERT INTO "photos" VALUES(5,1431606551,'file:///home/phablet/.local/share/it.mardy.imaginario-dev/Photos','screenshot20150818_190813681.png','',2,0,-1,NULL,NULL);
INSERT INTO "photos" VALUES(6,1431606551,'file:///home/phablet/.local/share/it.mardy.imaginario-dev/Photos','screenshot20155427_185441924.png','',2,0,-1,NULL,NULL);
INSERT INTO "photos" VALUES(7,1431606551,'file:///home/phablet/.local/share/it.mardy.imaginario-dev/Photos','368191805687179200.jpg','',2,0,-1,NULL,NULL);
INSERT INTO "photos" VALUES(8,1431606551,'file:///home/phablet/.local/share/it.mardy.imaginario-dev/Photos','368191805687179199.jpg','',2,0,-1,NULL,NULL);
INSERT INTO "photos" VALUES(9,1431606551,'file:///home/phablet/.local/share/it.mardy.imaginario-dev/Photos','screenshot20155527_185501721.png','',2,0,-1,NULL,NULL);
INSERT INTO "photos" VALUES(10,1430470964,'file:///home/phablet/.local/share/it.mardy.imaginario-dev/Photos','image20150501_120244115.jpg','',2,0,-1,30.2832,-97.7335);
INSERT INTO "photos" VALUES(11,1430413199,'file:///home/phablet/.local/share/it.mardy.imaginario-dev/Photos','image20150430_195958788.jpg','',2,0,-1,30.2654,-97.7355);
INSERT INTO "photos" VALUES(12,1430411424,'file:///home/phablet/.local/share/it.mardy.imaginario-dev/Photos','image20150430_193023607.jpg','',2,0,-1,30.2654,-97.745);
INSERT INTO "photos" VALUES(13,1430303795,'file:///home/phablet/.local/share/it.mardy.imaginario-dev/Photos','image20150429_133634595.jpg','',2,0,-1,NULL,NULL);
INSERT INTO "photos" VALUES(14,1430411388,'file:///home/phablet/.local/share/it.mardy.imaginario-dev/Photos','image20150430_192948442.jpg','',2,0,-1,30.2653,-97.7449);
INSERT INTO "photos" VALUES(15,1430411402,'file:///home/phablet/.local/share/it.mardy.imaginario-dev/Photos','image20150430_193001983.jpg','',2,0,-1,30.2653,-97.7448);
INSERT INTO "photos" VALUES(16,1430303485,'file:///home/phablet/.local/share/it.mardy.imaginario-dev/Photos','image20150429_133124833.jpg','',2,0,-1,NULL,NULL);
INSERT INTO "photos" VALUES(17,1430303148,'file:///home/phablet/.local/share/it.mardy.imaginario-dev/Photos','image20150429_132547919.jpg','',2,0,-1,NULL,NULL);
INSERT INTO "photos" VALUES(18,1430303112,'file:///home/phablet/.local/share/it.mardy.imaginario-dev/Photos','image20150429_132512383.jpg','',2,0,-1,NULL,NULL);
INSERT INTO "photos" VALUES(19,1430108739,'file:///home/phablet/.local/share/it.mardy.imaginario-dev/Photos','image20150427_072538536.jpg','',2,0,-1,NULL,NULL);
INSERT INTO "photos" VALUES(20,1430225823,'file:///home/phablet/.local/share/it.mardy.imaginario-dev/Photos','image20150428_155702741.jpg','',2,0,-1,NULL,NULL);
INSERT INTO "photos" VALUES(21,1430284870,'file:///home/phablet/.local/share/it.mardy.imaginario-dev/Photos','image20150429_082109557.jpg','',2,0,-1,30.2653,-97.7356);
INSERT INTO "photos" VALUES(22,1430108409,'file:///home/phablet/.local/share/it.mardy.imaginario-dev/Photos','image20150427_072009015.jpg','',2,0,-1,30.2727,-97.7413);
INSERT INTO "photos" VALUES(23,1430069116,'file:///home/phablet/.local/share/it.mardy.imaginario-dev/Photos','image20150426_202516119.jpg','',2,0,-1,NULL,NULL);
INSERT INTO "photos" VALUES(24,1429651317,'file:///home/phablet/.local/share/it.mardy.imaginario-dev/Photos','image20150422_002156379.jpg','',2,0,-1,60.4655,24.8059);
INSERT INTO "photos" VALUES(25,1429527958,'file:///home/phablet/.local/share/it.mardy.imaginario-dev/Photos','image20150420_140558066.jpg','',2,0,-1,NULL,NULL);
INSERT INTO "photos" VALUES(26,1429521900,'file:///home/phablet/.local/share/it.mardy.imaginario-dev/Photos','image20150420_122459456.jpg','',2,0,-1,NULL,NULL);
INSERT INTO "photos" VALUES(27,1429439327,'file:///home/phablet/.local/share/it.mardy.imaginario-dev/Photos','image20150419_132847056.jpg','',2,0,-1,NULL,NULL);
INSERT INTO "photos" VALUES(28,1429037400,'file:///home/phablet/.local/share/it.mardy.imaginario-dev/Photos','image20150414_214959615.jpg','',2,0,-1,NULL,NULL);
INSERT INTO "photos" VALUES(29,1429248730,'file:///home/phablet/.local/share/it.mardy.imaginario-dev/Photos','image20150417_083209948.jpg','',2,0,-1,NULL,NULL);
INSERT INTO "photos" VALUES(30,1429439324,'file:///home/phablet/.local/share/it.mardy.imaginario-dev/Photos','image20150419_132843658.jpg','',2,0,-1,NULL,NULL);
INSERT INTO "photos" VALUES(31,1429019955,'file:///home/phablet/.local/share/it.mardy.imaginario-dev/Photos','image20150414_165915361.jpg','',2,0,-1,NULL,NULL);
INSERT INTO "photos" VALUES(32,1427822687,'file:///home/phablet/.local/share/it.mardy.imaginario-dev/Photos','image20150331_202446523.jpg','',2,0,-1,NULL,NULL);
INSERT INTO "photos" VALUES(33,1427736208,'file:///home/phablet/.local/share/it.mardy.imaginario-dev/Photos','image20150330_202327537.jpg','',2,0,-1,NULL,NULL);
INSERT INTO "photos" VALUES(34,1427232217,'file:///home/phablet/.local/share/it.mardy.imaginario-dev/Photos','image20150324_232336874.jpg','',2,0,-1,NULL,NULL);
INSERT INTO "photos" VALUES(35,1427567269,'file:///home/phablet/.local/share/it.mardy.imaginario-dev/Photos','image20150328_202748577.jpg','',2,0,-1,NULL,NULL);
INSERT INTO "photos" VALUES(36,1427696446,'file:///home/phablet/.local/share/it.mardy.imaginario-dev/Photos','image20150330_092045959.jpg','',2,0,-1,NULL,NULL);
INSERT INTO "photos" VALUES(37,1427217386,'file:///home/phablet/.local/share/it.mardy.imaginario-dev/Photos','image20150324_191625273.jpg','',2,0,-1,NULL,NULL);
INSERT INTO "photos" VALUES(38,1432319965,'file:///home/phablet/.local/share/it.mardy.imaginario-dev/Photos','image20150522_213925450.jpg','',3,0,-1,NULL,NULL);
INSERT INTO "photos" VALUES(39,1431691521,'file:///home/phablet/.local/share/it.mardy.imaginario-dev/Photos','image20150515_150521043.jpg','',3,0,-1,NULL,NULL);
CREATE TABLE photo_tags ( photo_id INTEGER, tag_id INTEGER, UNIQUE (photo_id, tag_id));
INSERT INTO "photo_tags" VALUES(2,6);
INSERT INTO "photo_tags" VALUES(1,6);
INSERT INTO "photo_tags" VALUES(3,6);
INSERT INTO "photo_tags" VALUES(3,7);
CREATE TABLE photo_versions ( photo_id INTEGER, version_id INTEGER, name STRING, base_uri STRING NOT NULL, filename STRING NOT NULL, import_md5 TEXT NULL, protected BOOLEAN,UNIQUE (photo_id, version_id));
CREATE TABLE tags ( id INTEGER PRIMARY KEY NOT NULL, name TEXT UNIQUE, category_id INTEGER, is_category BOOLEAN, sort_priority INTEGER, icon TEXT);
INSERT INTO "tags" VALUES(1,'Uncategorized',-1,1,0,'');
INSERT INTO "tags" VALUES(2,'People',-1,1,0,'');
INSERT INTO "tags" VALUES(3,'Places',-1,1,0,'');
INSERT INTO "tags" VALUES(4,'Events',-1,1,0,'');
INSERT INTO "tags" VALUES(5,'Imported tags',-1,1,0,'');
INSERT INTO "tags" VALUES(6,'lamp',1,0,0,'');
INSERT INTO "tags" VALUES(7,'green',1,0,0,'');
CREATE TABLE rolls ( id INTEGER PRIMARY KEY NOT NULL, time INTEGER NOT NULL);
INSERT INTO "rolls" VALUES(1,1431262768);
INSERT INTO "rolls" VALUES(2,1431606550);
INSERT INTO "rolls" VALUES(3,1432320395);
DELETE FROM sqlite_sequence;
INSERT INTO "sqlite_sequence" VALUES('photos',39);
CREATE INDEX idx_photo_versions_id ON photo_versions(photo_id);
CREATE INDEX idx_photo_versions_import_md5 ON photo_versions(import_md5);
CREATE INDEX idx_photos_roll_id ON photos(roll_id);
CREATE TRIGGER tg_delete_photo BEFORE DELETE ON photos FOR EACH ROW BEGIN   DELETE FROM photo_tags WHERE photo_id = OLD.id;  DELETE FROM photo_versions WHERE photo_id = OLD.id;END;
COMMIT;
